fusion,variant,replicates,coda_correspondence,fused_ms,fused_mapping,unfused_total_ms,speedup,n_unfused_kernels,unfused_k1_name,unfused_k1_ms,unfused_k1_mapping,unfused_k2_name,unfused_k2_ms,unfused_k2_mapping,unfused_k3_name,unfused_k3_ms,unfused_k3_mapping,notes
#1 o_proj + ResAdd,triton,"vendor cuBLAS-equivalent epilogue (torch.addmm, beta=1)",yes - GEMM + residual-add epilogue,0.1329,BM16 BN64 BK128 GM4 SK4 w4 s3 WS | epi: BLK512 w1 s1,0.1325,1.0029,2,o_proj GEMM,,BM16 BN64 BK128 GM4 SK8 w2 s2 WS,residual add (elementwise),0.0056,BLK2048 w8 s1,,,,"paired statistic from the SAME interleaved run: paired per-round median 1.0029, trimmed 1.0011, per-round p10-p90 0.9628-1.0312, fused faster in 55% of 300 rounds; within-window drift: fused -38.2%, unfused -37.7% (interleaving cancels this to first order -- it is not zero); Hopper axes selected by the tuner: fused=warp-spec / unfused=warp-spec; unfused_k1_ms is EMPTY on purpose: bench_f01 times the unfused arm only as a chain (GEMM + epilogue), so the o_proj GEMM alone was never measured on this device; unfused_k2_ms is the epilogue's own tuned standalone best, behind its own L2 flush, so it does not sum to unfused_total_ms; SPLIT_K>1 (fused SK=4, unfused SK=8) adds an fp32 zero-init kernel to the chain -- both arms pay it, and n_unfused_kernels counts the GEMM and the epilogue only; vendor cuBLAS line on the same tensors: addmm(beta=1) 0.1093 ms vs mm+add 0.1101 ms -> 1.0070x (paired); triton fused is 0.823x the vendor fused time; MEASURED ON GPU b2318e71 (family f01), harness floor +36.914 us; at decode that floor is a large share of the measurement (it is added to BOTH arms, so a ratio understates the true work ratio), which is why the decode numbers here should be read as bounds rather than exact"
#3 ResAdd + RMSNorm,-,sglang fused_add_rmsnorm,no - no GEMM involved,0.0651,BN8192 ROWS1 w4 s1,0.1375,2.0986,2,residual add,0.0092,BN2048 ROWS4 w32 s2,rmsnorm,0.0085,BN8192 ROWS4 w16 s2,,,,"FLAG(summary.json): ""ABOVE CEILING: 2.099x vs modelled ceiling 1.250x""; paired statistic from the SAME interleaved run: paired per-round median 2.0986, trimmed 2.1049, per-round p10-p90 1.8655-2.3804, fused faster in 100% of 300 rounds; order sensitivity survives interleaving: fused-first vs unfused-first per-round medians differ by 4.0% (order_gap_frac); within-window drift: fused -54.4%, unfused -45.7% (interleaving cancels this to first order -- it is not zero); Hopper axes selected by the tuner: fused=none / unfused=none; axes the tuner was OFFERED for this family (fairness.h200_axes): none -- NOT offered: TMA, warp specialization, clusters (this kernel module advertises no cfg key for it); tuner budget per arm (timed/failed): fused 208/0, unfused 450/0 -- 0% of the fused arm's configs failed vs 0% of the unfused arm's; per-kernel times are each kernel's own tuned best, while the chain ran jointly re-tuned configs (add: BN4096 ROWS2 w32 s1 | norm: BN8192 ROWS2 w8 s1) -- a stage the unfused side gets and the fused side cannot use; fused output bitwise-identical to unfused: True; DRAM-traffic ceiling 1.25x (MODELLED), h1 (196608 B) fits this device's 60 MB L2: True; reference lines: torch eager 0.1561 ms, torch.compile 0.0746 ms; MEASURED ON GPU b2318e71 (family f03), harness floor +36.914 us; at decode that floor is a large share of the measurement (it is added to BOTH arms, so a ratio understates the true work ratio), which is why the decode numbers here should be read as bounds rather than exact"
#5 RMSNorm + Router,F5,none (custom); router semantics follow sglang biased_grouped_topk,"no - fuses the GEMM INTO the norm kernel, the inverse of CODA's GEMM+epilogue direction",0.101,BM16 BK128 BE32 NBK256 w8 s2,0.1406,1.3921,2,rmsnorm,0.0149,BM8 BK2048 BE256 EVICT1 w8 s2,router GEMM (fp32),0.0348,BM16 BK64 BE256 w8 s4 CTAS2,,,,"FLAG(summary.json): ""ABOVE CEILING: 1.392x vs modelled ceiling 1.055x""; paired statistic from the SAME interleaved run: paired per-round median 1.3921, trimmed 1.3720, per-round p10-p90 0.8995-1.6161, fused faster in 85% of 300 rounds; order sensitivity survives interleaving: fused-first vs unfused-first per-round medians differ by 5.4% (order_gap_frac); within-window drift: fused -39.6%, unfused -52.1% (interleaving cancels this to first order -- it is not zero); Hopper axes selected by the tuner: fused=none / unfused=clusters(num_ctas=2); axes the tuner was OFFERED for this family (fairness.h200_axes): warp specialization, clusters -- NOT offered: TMA (this kernel module advertises no cfg key for it) -- the two arms cannot use them symmetrically: the fused side is a norm kernel with the GEMM inside it, the unfused side is a standalone GEMM; tuner budget per arm (timed/failed): fused 557/208, unfused 323/14 -- 37% of the fused arm's configs failed vs 4% of the unfused arm's (the f04f05 compiler log records Triton's warp-specialization pass asserting on sm_90 (WSLowerToken.cpp:73) once per attempted config, and the fused kernel is the arm that is offered that axis); per-kernel times are each kernel's own tuned best, while the chain ran jointly-tuned configs (norm: BM2 BK2048 BE256 w4 s2 | gemm: BM16 BK64 BE256 w8 s4 CTAS2); ceiling for this cell 1.055x, traffic_ratio_model 1.055x -- both are MODELLED, not measured (glm52_h200/traffic.py); vendor/reference lines: cuBLAS router GEMM fp32 0.0298 ms, bf16 0.0105 ms, torch reference chain 0.0972 ms; MEASURED ON GPU b2318e71 (family f04f05), harness floor +36.914 us; at decode that floor is a large share of the measurement (it is added to BOTH arms, so a ratio understates the true work ratio), which is why the decode numbers here should be read as bounds rather than exact"
#5 RMSNorm + Router + TopK,F5_topk,none (custom); router semantics follow sglang biased_grouped_topk,"no - fuses the GEMM INTO the norm kernel, the inverse of CODA's GEMM+epilogue direction",0.1164,BM16 BK128 BE256 NBK256 w16 s3 WS,0.2078,1.7057,3,rmsnorm,0.0149,BM8 BK2048 BE256 EVICT1 w8 s2,router GEMM (fp32),0.0348,BM16 BK64 BE256 w8 s4 CTAS2,sigmoid + noaux_tc top-8,0.0151,BM8 BK32 BE256 w8 s2,"FLAG(summary.json): ""DRIFT: paired 1.7057x vs ratio-of-medians 1.7858x differ by >2%; the machine moved during this cell""; FLAG(summary.json): ""ABOVE CEILING: 1.706x vs modelled ceiling 1.055x""; paired statistic from the SAME interleaved run: paired per-round median 1.7057, trimmed 1.7283, per-round p10-p90 1.0334-2.1860, fused faster in 90% of 300 rounds; order sensitivity survives interleaving: fused-first vs unfused-first per-round medians differ by 12.5% (order_gap_frac); within-window drift: fused -27.6%, unfused -43.2% (interleaving cancels this to first order -- it is not zero); Hopper axes selected by the tuner: fused=warp-spec / unfused=clusters(num_ctas=2); axes the tuner was OFFERED for this family (fairness.h200_axes): warp specialization, clusters -- NOT offered: TMA (this kernel module advertises no cfg key for it) -- the two arms cannot use them symmetrically: the fused side is a norm kernel with the GEMM inside it, the unfused side is a standalone GEMM; tuner budget per arm (timed/failed): fused 301/101, unfused 365/14 -- 34% of the fused arm's configs failed vs 4% of the unfused arm's (the f04f05 compiler log records Triton's warp-specialization pass asserting on sm_90 (WSLowerToken.cpp:73) once per attempted config, and the fused kernel is the arm that is offered that axis); per-kernel times are each kernel's own tuned best, while the chain ran jointly-tuned configs (norm: BM2 BK2048 BE256 w4 s2 | gemm: BM16 BK64 BE256 w8 s4 CTAS2 | topk: BM8 BK32 BE256 w8 s2); ceiling for this cell 1.055x, traffic_ratio_model 1.055x -- both are MODELLED, not measured (glm52_h200/traffic.py); vendor/reference lines: cuBLAS router GEMM fp32 0.0298 ms, bf16 0.0105 ms, torch reference chain 0.0972 ms; MEASURED ON GPU b2318e71 (family f04f05), harness floor +36.914 us; at decode that floor is a large share of the measurement (it is added to BOTH arms, so a ratio understates the true work ratio), which is why the decode numbers here should be read as bounds rather than exact"
#4 ResAdd + RMSNorm + Router,F4,none (custom); router semantics follow sglang biased_grouped_topk,"no - fuses the GEMM INTO the norm kernel, the inverse of CODA's GEMM+epilogue direction",0.1099,BM16 BK128 BE32 NBK256 w8 s2,0.1423,1.337,2,add+rmsnorm (fusion #3 already applied),0.016,BM1 BK2048 BE256 EVICT1 w8 s2,router GEMM (fp32),0.0348,BM16 BK64 BE256 w8 s4 CTAS2,,,,"FLAG(summary.json): ""DRIFT: paired 1.3370x vs ratio-of-medians 1.2950x differ by >2%; the machine moved during this cell""; FLAG(summary.json): ""ABOVE CEILING: 1.337x vs modelled ceiling 1.100x""; paired statistic from the SAME interleaved run: paired per-round median 1.3370, trimmed 1.3115, per-round p10-p90 0.7764-1.5542, fused faster in 85% of 300 rounds; order sensitivity survives interleaving: fused-first vs unfused-first per-round medians differ by 3.6% (order_gap_frac); within-window drift: fused -28.9%, unfused -46.0% (interleaving cancels this to first order -- it is not zero); Hopper axes selected by the tuner: fused=none / unfused=clusters(num_ctas=2); axes the tuner was OFFERED for this family (fairness.h200_axes): warp specialization, clusters -- NOT offered: TMA (this kernel module advertises no cfg key for it) -- the two arms cannot use them symmetrically: the fused side is a norm kernel with the GEMM inside it, the unfused side is a standalone GEMM; tuner budget per arm (timed/failed): fused 557/208, unfused 323/14 -- 37% of the fused arm's configs failed vs 4% of the unfused arm's (the f04f05 compiler log records Triton's warp-specialization pass asserting on sm_90 (WSLowerToken.cpp:73) once per attempted config, and the fused kernel is the arm that is offered that axis); per-kernel times are each kernel's own tuned best, while the chain ran jointly-tuned configs (norm: BM1 BK2048 BE256 EVICT1 w8 s2 | gemm: BM16 BK64 BE256 w8 s4 CTAS2); ceiling for this cell 1.100x, traffic_ratio_model 1.100x -- both are MODELLED, not measured (glm52_h200/traffic.py); vendor/reference lines: cuBLAS router GEMM fp32 0.0298 ms, bf16 0.0105 ms, torch reference chain 0.1104 ms; MEASURED ON GPU b2318e71 (family f04f05), harness floor +36.914 us; at decode that floor is a large share of the measurement (it is added to BOTH arms, so a ratio understates the true work ratio), which is why the decode numbers here should be read as bounds rather than exact"
#4 ResAdd + RMSNorm + Router + TopK,F4_topk,none (custom); router semantics follow sglang biased_grouped_topk,"no - fuses the GEMM INTO the norm kernel, the inverse of CODA's GEMM+epilogue direction",0.1118,BM16 BK128 BE256 w16 s3,0.1917,1.6595,3,add+rmsnorm (fusion #3 already applied),0.016,BM1 BK2048 BE256 EVICT1 w8 s2,router GEMM (fp32),0.0348,BM16 BK64 BE256 w8 s4 CTAS2,sigmoid + noaux_tc top-8,0.0151,BM8 BK32 BE256 w8 s2,"FLAG(summary.json): ""DRIFT: paired 1.6595x vs ratio-of-medians 1.7147x differ by >2%; the machine moved during this cell""; FLAG(summary.json): ""ABOVE CEILING: 1.659x vs modelled ceiling 1.100x""; paired statistic from the SAME interleaved run: paired per-round median 1.6595, trimmed 1.6535, per-round p10-p90 0.9093-2.2451, fused faster in 87% of 300 rounds; order sensitivity survives interleaving: fused-first vs unfused-first per-round medians differ by 10.7% (order_gap_frac); within-window drift: fused -30.1%, unfused -51.1% (interleaving cancels this to first order -- it is not zero); Hopper axes selected by the tuner: fused=none / unfused=clusters(num_ctas=2); axes the tuner was OFFERED for this family (fairness.h200_axes): warp specialization, clusters -- NOT offered: TMA (this kernel module advertises no cfg key for it) -- the two arms cannot use them symmetrically: the fused side is a norm kernel with the GEMM inside it, the unfused side is a standalone GEMM; tuner budget per arm (timed/failed): fused 301/101, unfused 365/14 -- 34% of the fused arm's configs failed vs 4% of the unfused arm's (the f04f05 compiler log records Triton's warp-specialization pass asserting on sm_90 (WSLowerToken.cpp:73) once per attempted config, and the fused kernel is the arm that is offered that axis); per-kernel times are each kernel's own tuned best, while the chain ran jointly-tuned configs (norm: BM1 BK2048 BE256 EVICT1 w8 s2 | gemm: BM16 BK64 BE256 w8 s4 CTAS2 | topk: BM8 BK32 BE256 w8 s2); ceiling for this cell 1.100x, traffic_ratio_model 1.100x -- both are MODELLED, not measured (glm52_h200/traffic.py); vendor/reference lines: cuBLAS router GEMM fp32 0.0298 ms, bf16 0.0105 ms, torch reference chain 0.1104 ms; MEASURED ON GPU b2318e71 (family f04f05), harness floor +36.914 us; at decode that floor is a large share of the measurement (it is added to BOTH arms, so a ratio understates the true work ratio), which is why the decode numbers here should be read as bounds rather than exact"
#6 Up_Gate + SwiGLU,-,sglang fused_moe_kernel (GEMM1) + silu_and_mul,yes - GEMM + activation epilogue,1.1264,BM16 BN32 BK128 GM8 w4 s5 TMA,1.1333,1.0062,2,"w13 grouped GEMM -> [rows, 2I]",1.1299,BM64 BN128 BK128 GM1 w8 s4 WS,silu_and_mul,0.0059,BM4 BN512 w8 s2,,,,"paired statistic from the SAME interleaved run: paired per-round median 1.0062, trimmed 1.0062, per-round p10-p90 1.0041-1.0082, fused faster in 100% of 300 rounds; Hopper axes selected by the tuner: fused=TMA / unfused=warp-spec; tuner budget per arm (timed/failed): fused 222/56, unfused 494/31 -- 25% of the fused arm's configs failed vs 6% of the unfused arm's; per-kernel unfused times are measured at the SAME configs the chain ran (gemm_cfg / act_cfg), each behind its own L2 flush, so they need not sum to unfused_total_ms; SMEM: fused winner 100 KB, unfused winner 192 KB, the unfused winner's tile IF FUSED would need 320 KB against a 227 KB opt-in ceiling -- so the fused side still cannot reach the unfused winner's tile, the same constraint C500 hit at a 4x smaller ceiling; kernel stats: fused regs 67 spills 0 smem 81984 B | unfused GEMM regs 88 spills 0 smem 196608 B; throughput: fused 5.7 TF/s, unfused 5.7 TF/s, vendor grouped BLAS 5.6453 ms (1.1 TF/s); MEASURED ON GPU b2318e71 (family f06), harness floor +36.914 us; at decode that floor is a large share of the measurement (it is added to BOTH arms, so a ratio understates the true work ratio), which is why the decode numbers here should be read as bounds rather than exact"
#8 Down + Expert Merge,atomic (sglang FUSE_SUM_ALL_REDUCE),"sglang fused_moe_kernel, MUL_ROUTED_WEIGHT + FUSE_SUM_ALL_REDUCE",yes - GEMM + scale/accumulate epilogue,0.5835,gemm: BM16 BN128 BK128 GM8 w16 s3 | seed: torch,0.5822,0.9978,2,"w2 grouped down GEMM -> [rows, H]",0.5792,BM16 BN128 BK128 GM8 w4 s3 CTAS2,moe_sum (expert merge over top-8),0.0063,BM2 BD512 w16 s2,,,,"paired statistic from the SAME interleaved run: paired per-round median 0.9978, trimmed 0.9980, per-round p10-p90 0.9942-1.0023, fused faster in 27% of 300 rounds; Hopper axes selected by the tuner: fused=none / unfused=clusters(num_ctas=2); tuner budget per arm (timed/failed): fused 254/40, unfused 372/28 -- 16% of the fused arm's configs failed vs 8% of the unfused arm's; per-kernel unfused times are measured once per regime at the #8 chain's winning gemm/sum configs and the #9 chain's resadd config, and the mappings shown are those same configs; fused arm = zero/residual seed + atomic-merge GEMM, where the seed alone is 0.0049 ms and the atomic GEMM alone 0.5816 ms, and fused_ms includes both. bf16 atomics make the fused output non-deterministic (LOG-08 F6); atomic accumulator 196608 B, fits this device's 60 MB L2: True; vendor grouped BLAS GEMM 5.2501 ms, GEMM+merge 5.2701 ms; MEASURED ON GPU b2318e71 (family f08f09), harness floor +36.914 us; at decode that floor is a large share of the measurement (it is added to BOTH arms, so a ratio understates the true work ratio), which is why the decode numbers here should be read as bounds rather than exact"
#8 Down + Expert Merge,token-major,none (custom),"partial - fused epilogue, but a different grid",0.6964,BM16 BN128 BK128 w4 s2 USE_DOT=True,0.5821,0.8361,2,"w2 grouped down GEMM -> [rows, H]",0.5792,BM16 BN128 BK128 GM8 w4 s3 CTAS2,moe_sum (expert merge over top-8),0.0063,BM2 BD512 w16 s2,,,,"paired statistic from the SAME interleaved run: paired per-round median 0.8361, trimmed 0.8356, per-round p10-p90 0.8271-0.8425, fused faster in 0% of 300 rounds; Hopper axes selected by the tuner: fused=none / unfused=clusters(num_ctas=2); tuner budget per arm (timed/failed): fused 243/0, unfused 372/28 -- 0% of the fused arm's configs failed vs 8% of the unfused arm's; per-kernel unfused times are measured once per regime at the #8 chain's winning gemm/sum configs and the #9 chain's resadd config, and the mappings shown are those same configs; scored against the EXPERT-major baseline; part of any win is the grid change, not the fusion (LOG-08 F3); atomic accumulator 196608 B, fits this device's 60 MB L2: True; vendor grouped BLAS GEMM 5.2501 ms, GEMM+merge 5.2701 ms; MEASURED ON GPU b2318e71 (family f08f09), harness floor +36.914 us; at decode that floor is a large share of the measurement (it is added to BOTH arms, so a ratio understates the true work ratio), which is why the decode numbers here should be read as bounds rather than exact"
#9 Down + Expert Merge + ResAdd2,atomic (sglang FUSE_SUM_ALL_REDUCE),"sglang fused_moe_kernel, MUL_ROUTED_WEIGHT + FUSE_SUM_ALL_REDUCE",yes - GEMM + scale/accumulate epilogue,0.5839,gemm: BM16 BN128 BK128 GM8 w16 s3 | seed: torch,0.5849,1.0014,3,"w2 grouped down GEMM -> [rows, H]",0.5792,BM16 BN128 BK128 GM8 w4 s3 CTAS2,moe_sum (expert merge over top-8),0.0063,BM2 BD512 w16 s2,residual add 2,0.0059,BM2 BN256 w4 s1,"paired statistic from the SAME interleaved run: paired per-round median 1.0014, trimmed 1.0016, per-round p10-p90 0.9978-1.0060, fused faster in 68% of 300 rounds; Hopper axes selected by the tuner: fused=none / unfused=clusters(num_ctas=2); tuner budget per arm (timed/failed): fused 244/40, unfused 504/28 -- 16% of the fused arm's configs failed vs 6% of the unfused arm's; per-kernel unfused times are measured once per regime at the #8 chain's winning gemm/sum configs and the #9 chain's resadd config, and the mappings shown are those same configs; fused arm = zero/residual seed + atomic-merge GEMM, where the seed alone is 0.0049 ms and the atomic GEMM alone 0.5816 ms, and fused_ms includes both. bf16 atomics make the fused output non-deterministic (LOG-08 F6); unfused_total is the 3-kernel chain, and the strictly better 2-kernel baseline (moe_sum with ADD_RESIDUAL) runs 0.5824 ms -> speedup 0.9974x, which is the honest comparison; atomic accumulator 196608 B, fits this device's 60 MB L2: True; vendor grouped BLAS GEMM 5.2501 ms, GEMM+merge 5.2701 ms; MEASURED ON GPU b2318e71 (family f08f09), harness floor +36.914 us; at decode that floor is a large share of the measurement (it is added to BOTH arms, so a ratio understates the true work ratio), which is why the decode numbers here should be read as bounds rather than exact"
#9 Down + Expert Merge + ResAdd2,token-major,none (custom),"partial - fused epilogue, but a different grid",0.6975,BM16 BN128 BK128 w4 s2 USE_DOT=True,0.5865,0.8415,3,"w2 grouped down GEMM -> [rows, H]",0.5792,BM16 BN128 BK128 GM8 w4 s3 CTAS2,moe_sum (expert merge over top-8),0.0063,BM2 BD512 w16 s2,residual add 2,0.0059,BM2 BN256 w4 s1,"paired statistic from the SAME interleaved run: paired per-round median 0.8415, trimmed 0.8410, per-round p10-p90 0.8323-0.8488, fused faster in 0% of 300 rounds; Hopper axes selected by the tuner: fused=none / unfused=clusters(num_ctas=2); tuner budget per arm (timed/failed): fused 8/0, unfused 504/28 -- 0% of the fused arm's configs failed vs 6% of the unfused arm's; per-kernel unfused times are measured once per regime at the #8 chain's winning gemm/sum configs and the #9 chain's resadd config, and the mappings shown are those same configs; scored against the EXPERT-major baseline; part of any win is the grid change, not the fusion (LOG-08 F3); unfused_total is the 3-kernel chain, and the strictly better 2-kernel baseline (moe_sum with ADD_RESIDUAL) runs 0.5824 ms -> speedup 0.8349x, which is the honest comparison; atomic accumulator 196608 B, fits this device's 60 MB L2: True; vendor grouped BLAS GEMM 5.2501 ms, GEMM+merge 5.2701 ms; MEASURED ON GPU b2318e71 (family f08f09), harness floor +36.914 us; at decode that floor is a large share of the measurement (it is added to BOTH arms, so a ratio understates the true work ratio), which is why the decode numbers here should be read as bounds rather than exact"
#10 Expert Merge + ResAdd,-,sglang moe_sum + residual add,no - no GEMM involved,0.0632,BN256 ROWS4 KVEC0 UNROLL1 w2 s2,0.1369,2.1607,2,expert merge (moe_sum),0.0079,BN2048 ROWS1 KVEC0 UNROLL1 w8 s1,residual add,0.0077,BN2048 ROWS2 KVEC0 UNROLL1 w32 s2,,,,"FLAG(summary.json): ""ABOVE CEILING: 2.161x vs modelled ceiling 1.200x""; paired statistic from the SAME interleaved run: paired per-round median 2.1607, trimmed 2.1545, per-round p10-p90 1.8754-2.4596, fused faster in 100% of 300 rounds; within-window drift: fused -55.0%, unfused -45.5% (interleaving cancels this to first order -- it is not zero); Hopper axes selected by the tuner: fused=none / unfused=none; axes the tuner was OFFERED for this family (fairness.h200_axes): none -- NOT offered: TMA, warp specialization, clusters (this kernel module advertises no cfg key for it); tuner budget per arm (timed/failed): fused 252/0, unfused 510/0 -- 0% of the fused arm's configs failed vs 0% of the unfused arm's; per-kernel times are each kernel's own tuned best, while the chain ran jointly re-tuned configs (merge: BN2048 ROWS1 KVEC0 UNROLL1 w16 s1 | resadd: BN4096 ROWS2 KVEC0 UNROLL1 EVICT1 w16 s2); fused output bitwise-identical to unfused: True; 1.20x is a DRAM-traffic ceiling; unattainable where m fits in L2 (MODELLED). fraction_of_ceiling_gain = 5.804 -- this is (paired_speedup - 1) / 0.20, NOT measured/ceiling (that would be 1.801), and it is derived from the PAIRED estimator while this row's `speedup` column is as recorded; m (196608 B) fits this device's 60 MB L2: True; reference lines: torch eager 0.1433 ms, torch.compile 0.0685 ms; MEASURED ON GPU b2318e71 (family f10), harness floor +36.914 us; at decode that floor is a large share of the measurement (it is added to BOTH arms, so a ratio understates the true work ratio), which is why the decode numbers here should be read as bounds rather than exact"
#11a Lazy Pre-Norm -> w13 grouped GEMM,lazy pre-norm (prologue),PyTorch/Meta 'Towards Free Normalization' (Zhou et al. 2026) S2,partial - prologue fusion; CODA is epilogue-oriented,1.0947,BM16 BN128 BK128 GM8 w2 s3,1.0837,0.9899,2,rmsnorm (writes x2),0.1045,BN8192 ROWS1 w32 s2,w13 grouped GEMM,1.0805,BM16 BN64 BK128 GM8 w4 s3,,,,"SOURCE results/h200/f11_lazy_prenorm.json -- the REPAIRED re-run (run_f11_h200.py, 2026-08-05 17:20:48). The previous campaign's file claimed complete=true with an EMPTY rows array; this one records status='ok', complete=True, 7/7 regimes with rows, 0 regimes failed, n_arms_unmeasurable=0 (all of them decode_bs32, see that row); MEASURED ON A DIFFERENT CARD FROM THE REST OF THIS REPORT: env.uuid b2318e71 against b2318e71 for every other family, with its own harness floor (36.914 us vs 36.914 us). #11 is therefore NOT on the same footing as the rows above it, and summary.json's co-tenancy event (recorded on the OTHER card) does not apply to it; CALIBRATION CONTRADICTS ITSELF INSIDE THE FILE: fairness.timing.calibration says trusted=True, reason=None, while env.calib_health on the identical inputs says launch_trusted=True, timer_tick_trusted=True, contended=False -- ""?"". NOTE (2026-08-07): a 36.9 us harness floor is NORMAL for an idle H200 (37-42 us on every clean preflight; ratio here 3.58x), so the old FLOOR_LAUNCH_RATIO_MAX=3.0 / FLOOR_US_MAX=20.0 bars falsely called it contended; config now owns 8.0 / 50.0 and the real contention detector is timer_tick_match_frac (<0.9 = a tenant); GPU STATE: the driver pinned an idle card (f11_rerun_summary.json gpu.pinned=true, reason ""idlest of 8: 0% utilization, 0.0 GB used, 0 other compute process(es)"", tenant_events=[]), while this file's own fairness.gpu.selection says requested=null/applied=false because bench_f11 was launched without --gpu. Take the driver's record -- and note which way it cuts: if the card WAS idle then the 36.91 us harness floor is the real floor rather than a co-tenant, which is the worse reading for every decode number here; ESTIMATOR PUBLISHED = PAIRED. The `speedup` column is paired_speedup=0.9899 (median of the per-round ratios from the interleaved A/B loop, which cancels monotone drift), NOT the file's own sequential ratio of medians speedup=0.9899 (= unfused.p50/fused.p50). They disagree by +0.00% here; over all 33 #11 arm-cells that carry both, the largest disagreement is 0.00% (), far below the 13.8% seen elsewhere in this campaign; paired statistic from the SAME interleaved run: paired per-round median 0.9899, trimmed 0.9899, per-round p10-p90 0.9875-0.9926, fused faster in 0% of 300 rounds; Hopper axes selected by the tuner: fused=none / unfused=none; axes the tuner was OFFERED for this family (fairness.h200_axes): warp specialization -- NOT offered: TMA, clusters (this kernel module advertises no cfg key for it) -- whether the tuner took them is in the mappings above; the warp_specialize axis was swept on a flag that changes nothing, see the warp-specialization note; sum-of-squares redundancy 256x, valid only if ALL K=6144 consumers are fused (x2 never materialised); tuned winner re-validated before timing (winner_provenance): validated=True, rank=0, tuned_ms=1.0943679809570312, rel_err=4.51e-03, rejected_faster_configs=[]; D-A INVARIANCE TEST (checks.moe_fused_blockm_invariance): ok=True, rel_err=0.0000e+00 vs tol=0.02, bitwise_identical=True, tuned BLOCK_M=16 vs probe BLOCK_M=64, gate=False (NON-GATING by design: a failure does not withhold the timing); SCOPE OF THE PROBE: it varies BLOCK_M only. INVARIANT_CFG_KEYS in glm52_h200/kernels/lazy_prenorm.py declares 8 keys invariant (BLOCK_M, BLOCK_N, GROUP_M, num_stages, WARP_SPECIALIZE, warp_specialize, WS, num_ctas); the other 7 are never probed, and the run's own screen log rejects wrong-answer configs that differ from a published winner in num_stages or num_warps alone. The module's `invariance_verdict` / `invariance_partner` helpers (tol 1e-5, bit-exact) were NOT the code that ran -- the bench uses its own `blockm_invariance` at line 1360, which calls common.check() at its default tol=2e-2; MAINLOOP ISOLATION (rows[].headline.moe, all four arms in ONE rotating interleave at ONE shared config BM16 BN128 BK128 GM8 w2 s3): fusing the reduction COSTS +0.43% with the classic mainloop (unfused 1.08963 -> fused 1.09434 ms) and +0.43% with the warp-specialization flag set; the flag itself moved the fused arm +0.01% and the unfused arm +0.01%; the file's own verdict for this cell, published verbatim and NOT endorsed here: ""[decode_bs16/moe] fusing the reduction costs +0.43% with a classic mainloop and +0.43% with warp specialization; specialization itself moved the fused arm +0.01% and the unfused arm +0.01%. Specialization does NOT absorb the reduction here -- the fused arm pays as much or more with it as without, so the k-loop, not the memory traffic, is the binding cost on this device too.""; WARP SPECIALIZATION WAS REQUESTED AND NEVER APPLIED -- so every `*_ws_*` number in this file measures something other than warp specialization. Evidence is NOT in the result file (kernel_ws_evidence is null in all 12 measured headline cells); it comes from tools/verify_f11_headline_ws.py, which cross-compiles both f11 kernels for sm_90a at each cell's own recorded shared_config and first reproduces the H200's recorded kernel_stats (shared_bytes AND n_regs) for 26/26 kernels. On that reproduction the WS request reaches TTGIR in 12/12 cells and produces a specialized kernel in 0/12: in 9 cells the WS-on and WS-off arms are identical PTX once .loc metadata is stripped (identical machine code cannot run at a different speed), and in 3 (decode_bs1/bs32/bs512 router) the request instead collapsed multi-buffering, shared memory 61440 -> 16384 B, which is a DE-PIPELINING regression rather than a specialization effect. Triton 3.6 routes sm_90 to `add_hopper_warpspec`, which crashed 493 times in this run's compiler log and otherwise emitted nothing; the shared config is the FUSED arm's tuned winner in every cell, so the two unfused arms of the 2x2 run off their own optimum; and only the fused_ws_off arm is covered by a numerical check (rows[].checks) -- `unfused`, `fused_ws_on` and `unfused_ws_on` are timed without ever being shown to compute the right answer; #11a LOSES ON EVERY DEVICE IN THE STUDY THAT COULD RUN IT: C500 0.476-0.965 over 5 regimes; H200 0.623-1.018 over 11 regimes; RTX 4060 no rows -- the 256-expert w13 does not fit in 7.4 GB, so #11a was never measured there. Read those files, not this sentence. The single H200 value at or above parity (decode_bs1) has a per-round p10-p90 of 0.997-1.733 and is not resolved from 1.0; every other cell on every device is below 1; arm magnitudes 1094.7, 1083.7 us against a 36.91 us harness floor (added to BOTH arms, so the ratio understates the work ratio); the per-kernel columns are SEPARATE bench_chain measurements taken after the paired window (bench_f11_lazy_prenorm.py:1547-1549), each behind its own L2 flush, at the STANDALONE tuner's configs -- while the chain inside bench_pair ran the JOINTLY retuned configs. They are not a decomposition of unfused_total_ms and do not sum to it; and they are not reproducible to better than a factor: unfused_k1_ms (0.10451 ms) is the SAME kernel at the SAME config as this regime's norm tuner winner (0.00678 ms, tune_tables.decode_bs16.norm.best_ms, timed by the same bench_chain with the same flush policy and only a different rep count) -- 15.41x apart. Published norm_only_ms is also nearly flat in T across the campaign (0.0891-0.1295 ms over T=1..8192, and it is SMALLER at T=32 than at T=1). No absolute millisecond in this file should be quoted to better than about one significant figure; the within-window RATIOS are what survive; vendor lines: cuBLAS grouped 2.9597 ms, dense 1-expert 0.0243 ms; MEASURED ON GPU b2318e71 (family f11), harness floor +36.914 us; at decode that floor is a large share of the measurement (it is added to BOTH arms, so a ratio understates the true work ratio), which is why the decode numbers here should be read as bounds rather than exact"
#11b Lazy Pre-Norm -> router GEMM,lazy pre-norm (prologue),PyTorch/Meta 'Towards Free Normalization' (Zhou et al. 2026) S2,partial - prologue fusion; CODA is epilogue-oriented,0.0753,BM16 BN64 BK128 GM8 w4 s5,0.1541,2.0025,2,rmsnorm (writes x2),0.1045,BN8192 ROWS1 w32 s2,router GEMM,0.0386,BM16 BN32 BK128 GM8 w2 s4,,,,"SOURCE results/h200/f11_lazy_prenorm.json -- the REPAIRED re-run (run_f11_h200.py, 2026-08-05 17:20:48). The previous campaign's file claimed complete=true with an EMPTY rows array; this one records status='ok', complete=True, 7/7 regimes with rows, 0 regimes failed, n_arms_unmeasurable=0 (all of them decode_bs32, see that row); MEASURED ON A DIFFERENT CARD FROM THE REST OF THIS REPORT: env.uuid b2318e71 against b2318e71 for every other family, with its own harness floor (36.914 us vs 36.914 us). #11 is therefore NOT on the same footing as the rows above it, and summary.json's co-tenancy event (recorded on the OTHER card) does not apply to it; CALIBRATION CONTRADICTS ITSELF INSIDE THE FILE: fairness.timing.calibration says trusted=True, reason=None, while env.calib_health on the identical inputs says launch_trusted=True, timer_tick_trusted=True, contended=False -- ""?"". NOTE (2026-08-07): a 36.9 us harness floor is NORMAL for an idle H200 (37-42 us on every clean preflight; ratio here 3.58x), so the old FLOOR_LAUNCH_RATIO_MAX=3.0 / FLOOR_US_MAX=20.0 bars falsely called it contended; config now owns 8.0 / 50.0 and the real contention detector is timer_tick_match_frac (<0.9 = a tenant); GPU STATE: the driver pinned an idle card (f11_rerun_summary.json gpu.pinned=true, reason ""idlest of 8: 0% utilization, 0.0 GB used, 0 other compute process(es)"", tenant_events=[]), while this file's own fairness.gpu.selection says requested=null/applied=false because bench_f11 was launched without --gpu. Take the driver's record -- and note which way it cuts: if the card WAS idle then the 36.91 us harness floor is the real floor rather than a co-tenant, which is the worse reading for every decode number here; ESTIMATOR PUBLISHED = PAIRED. The `speedup` column is paired_speedup=2.0025 (median of the per-round ratios from the interleaved A/B loop, which cancels monotone drift), NOT the file's own sequential ratio of medians speedup=2.0025 (= unfused.p50/fused.p50). They disagree by +0.00% here; over all 33 #11 arm-cells that carry both, the largest disagreement is 0.00% (), far below the 13.8% seen elsewhere in this campaign; FLAG(summary.json): ""DRIFT: paired 2.0025x vs ratio-of-medians 2.0472x differ by >2%; the machine moved during this cell""; FLAG(summary.json): ""ABOVE CEILING: 2.002x vs modelled ceiling 1.117x""; paired statistic from the SAME interleaved run: paired per-round median 2.0025, trimmed 2.0014, per-round p10-p90 1.8685-2.1284, fused faster in 100% of 300 rounds; within-window drift: fused -40.1%, unfused -41.6% (interleaving cancels this to first order -- it is not zero); Hopper axes selected by the tuner: fused=none / unfused=none; axes the tuner was OFFERED for this family (fairness.h200_axes): warp specialization -- NOT offered: TMA, clusters (this kernel module advertises no cfg key for it) -- whether the tuner took them is in the mappings above; the warp_specialize axis was swept on a flag that changes nothing, see the warp-specialization note; sum-of-squares redundancy 4x, valid only if ALL K=6144 consumers are fused (x2 never materialised); tuned winner re-validated before timing (winner_provenance): validated=True, rank=0, tuned_ms=0.03868800029158592, rel_err=2.82e-03, rejected_faster_configs=[]; D-A INVARIANCE TEST (checks.router_fused_blockm_invariance): ok=True, rel_err=0.0000e+00 vs tol=0.02, bitwise_identical=True, tuned BLOCK_M=16 vs probe BLOCK_M=64, gate=False (NON-GATING by design: a failure does not withhold the timing); SCOPE OF THE PROBE: it varies BLOCK_M only. INVARIANT_CFG_KEYS in glm52_h200/kernels/lazy_prenorm.py declares 8 keys invariant (BLOCK_M, BLOCK_N, GROUP_M, num_stages, WARP_SPECIALIZE, warp_specialize, WS, num_ctas); the other 7 are never probed, and the run's own screen log rejects wrong-answer configs that differ from a published winner in num_stages or num_warps alone. The module's `invariance_verdict` / `invariance_partner` helpers (tol 1e-5, bit-exact) were NOT the code that ran -- the bench uses its own `blockm_invariance` at line 1360, which calls common.check() at its default tol=2e-2; MAINLOOP ISOLATION (rows[].headline.router, all four arms in ONE rotating interleave at ONE shared config BM16 BN64 BK128 GM8 w4 s5): fusing the reduction COSTS +79.23% with the classic mainloop (unfused 0.02157 -> fused 0.03866 ms) and +4.65% with the warp-specialization flag set; the flag itself moved the fused arm -138.58% and the unfused arm -308.61%; the file's own verdict for this cell, published verbatim and NOT endorsed here: ""[decode_bs16/router] fusing the reduction costs +79.23% with a classic mainloop and +4.65% with warp specialization; specialization itself moved the fused arm -138.58% and the unfused arm -308.61%. Specialization absorbs the reduction: the fusion is cheaper once the producer warps carry it.""; WARP SPECIALIZATION WAS REQUESTED AND NEVER APPLIED -- so every `*_ws_*` number in this file measures something other than warp specialization. Evidence is NOT in the result file (kernel_ws_evidence is null in all 12 measured headline cells); it comes from tools/verify_f11_headline_ws.py, which cross-compiles both f11 kernels for sm_90a at each cell's own recorded shared_config and first reproduces the H200's recorded kernel_stats (shared_bytes AND n_regs) for 26/26 kernels. On that reproduction the WS request reaches TTGIR in 12/12 cells and produces a specialized kernel in 0/12: in 9 cells the WS-on and WS-off arms are identical PTX once .loc metadata is stripped (identical machine code cannot run at a different speed), and in 3 (decode_bs1/bs32/bs512 router) the request instead collapsed multi-buffering, shared memory 61440 -> 16384 B, which is a DE-PIPELINING regression rather than a specialization effect. Triton 3.6 routes sm_90 to `add_hopper_warpspec`, which crashed 493 times in this run's compiler log and otherwise emitted nothing; the shared config is the FUSED arm's tuned winner in every cell, so the two unfused arms of the 2x2 run off their own optimum; and only the fused_ws_off arm is covered by a numerical check (rows[].checks) -- `unfused`, `fused_ws_on` and `unfused_ws_on` are timed without ever being shown to compute the right answer; DECOMPOSITION, PART 1 -- THE MAINLOOP LOSES. At this regime the in-mainloop cost of the reduction is +79.23% (headline, above; the range over the 11 regimes is +6.72% to +109.04%, median +22.89%). It is positive in EVERY regime, so NONE of #11b's win comes from the fused k-loop: all of it is the removal of the second kernel -- that kernel's launch plus its activation pass; DECOMPOSITION, PART 2 -- IT IS MOSTLY THE LAUNCH. In the TUNING phase, which is a different measurement window from the published one, the same comparison was timed again: fused best 0.03869 ms vs jointly-retuned norm+GEMM chain 0.05728 ms = 1.481x, against the published 2.002x. Inside that chain the norm kernel alone tunes to 0.00678 ms and the GEMM alone to 0.02032 ms, so putting a second kernel in the chain costs +30.2 us OVER AND ABOVE both kernels' own standalone times -- against a calibrated launch cost of 10.32 us and a 36.91 us harness floor. That per-kernel chain overhead, not the mainloop and not memory traffic, is what #11b removes; CONTRADICTED BY THE FILE'S OWN OTHER WINDOW: the tuning phase makes this comparison 1.481x and the published paired window makes it 2.002x -- 26% apart, on the same kernels, the same tensors and the same host. Both cannot be right and nothing in the file chooses between them; this cell should not be quoted; DECOMPOSITION, PART 3 -- THE TRAFFIC TERM. The run's own MODELLED byte-traffic ceiling for this cell is 1.117x (bytes_unfused 3751936 / bytes_fused 3358720), which bounds the activation-pass part of the win. Measured 2.002x is 1.79x that ceiling -- ABOVE IT. The traffic model carries no launch term, so the excess is charged to the eliminated launch by elimination, not by measurement; L2-RESIDENT: the unfused chain's whole working set (3.58 MB) fits this device's 60 MB L2, so NEITHER arm is going to HBM and the ceiling above is not a bound on anything -- glm52_h200/traffic.py's own words for this case are that the measured ratio is then ""an L2/occupancy/launch story"". The result JSON does not carry an `l2_resident` flag per row; this is computed here from bytes_unfused vs env.l2_bytes; arm magnitudes 75.3, 154.1 us against a 36.91 us harness floor (added to BOTH arms, so the ratio understates the work ratio); the per-kernel columns are SEPARATE bench_chain measurements taken after the paired window (bench_f11_lazy_prenorm.py:1547-1549), each behind its own L2 flush, at the STANDALONE tuner's configs -- while the chain inside bench_pair ran the JOINTLY retuned configs. They are not a decomposition of unfused_total_ms and do not sum to it; and they are not reproducible to better than a factor: unfused_k1_ms (0.10451 ms) is the SAME kernel at the SAME config as this regime's norm tuner winner (0.00678 ms, tune_tables.decode_bs16.norm.best_ms, timed by the same bench_chain with the same flush policy and only a different rep count) -- 15.41x apart. Published norm_only_ms is also nearly flat in T across the campaign (0.0891-0.1295 ms over T=1..8192, and it is SMALLER at T=32 than at T=1). No absolute millisecond in this file should be quoted to better than about one significant figure; the within-window RATIOS are what survive; vendor lines: cuBLAS router bf16 0.0106 ms, fp32 0.0288 ms; MEASURED ON GPU b2318e71 (family f11), harness floor +36.914 us; at decode that floor is a large share of the measurement (it is added to BOTH arms, so a ratio understates the true work ratio), which is why the decode numbers here should be read as bounds rather than exact"
#11b' half-fused pre-norm -> router GEMM,rstd + epilogue scale,none (custom; derived from Lazy Pre-Norm),"yes - GEMM + scale epilogue, reduction kept outside",0.0808,rstd: BN8192 ROWS1 w8 s1 | gemm: BM16 BN64 BK128 GM8 w4 s5,0.1541,1.9062,2,rmsnorm (writes x2),0.1045,BN8192 ROWS1 w32 s2,router GEMM,0.0386,BM16 BN32 BK128 GM8 w2 s4,,,,"SOURCE results/h200/f11_lazy_prenorm.json -- the REPAIRED re-run (run_f11_h200.py, 2026-08-05 17:20:48). The previous campaign's file claimed complete=true with an EMPTY rows array; this one records status='ok', complete=True, 7/7 regimes with rows, 0 regimes failed, n_arms_unmeasurable=0 (all of them decode_bs32, see that row); MEASURED ON A DIFFERENT CARD FROM THE REST OF THIS REPORT: env.uuid b2318e71 against b2318e71 for every other family, with its own harness floor (36.914 us vs 36.914 us). #11 is therefore NOT on the same footing as the rows above it, and summary.json's co-tenancy event (recorded on the OTHER card) does not apply to it; CALIBRATION CONTRADICTS ITSELF INSIDE THE FILE: fairness.timing.calibration says trusted=True, reason=None, while env.calib_health on the identical inputs says launch_trusted=True, timer_tick_trusted=True, contended=False -- ""?"". NOTE (2026-08-07): a 36.9 us harness floor is NORMAL for an idle H200 (37-42 us on every clean preflight; ratio here 3.58x), so the old FLOOR_LAUNCH_RATIO_MAX=3.0 / FLOOR_US_MAX=20.0 bars falsely called it contended; config now owns 8.0 / 50.0 and the real contention detector is timer_tick_match_frac (<0.9 = a tenant); GPU STATE: the driver pinned an idle card (f11_rerun_summary.json gpu.pinned=true, reason ""idlest of 8: 0% utilization, 0.0 GB used, 0 other compute process(es)"", tenant_events=[]), while this file's own fairness.gpu.selection says requested=null/applied=false because bench_f11 was launched without --gpu. Take the driver's record -- and note which way it cuts: if the card WAS idle then the 36.91 us harness floor is the real floor rather than a co-tenant, which is the worse reading for every decode number here; NO summary.json cell of its own: #11b' is recorded inside the f11 row as an EXPLORATORY arm, so it has no fairness flags of its own; ESTIMATOR: NOT PAIRED, and it cannot be. half_fused carries no `speedup` / `paired_speedup` field at all -- `router_speedup_vs_unfused` is built by the bench as t_rt_u.p50_ms / t_rt_h.p50_ms, i.e. the numerator comes from the INTERLEAVED window (the #11b pair) and the denominator from a SEPARATE bench_chain run afterwards. It is a cross-window ratio of medians; best_speedup() has nothing to prefer here; FLAG(summary.json): ""DRIFT: paired 2.0025x vs ratio-of-medians 2.0472x differ by >2%; the machine moved during this cell""; FLAG(summary.json): ""ABOVE CEILING: 2.002x vs modelled ceiling 1.117x""; Hopper axes selected by the tuner: fused=none / unfused=none; rel_err vs the fp32 reference: rstd kernel 1.171e-07, half-fused router 2.818e-03; the FUSED side is itself 2 kernels (rstd 0.0588 ms BN8192 ROWS1 w8 s1 + GEMM), so #11b' holds the KERNEL COUNT fixed at two and removes only the activation pass -- it is the control that separates the traffic term from the launch term in #11b, and it lands well below #11b in every regime; same technique on the w13 GEMM: 1.0834 ms (1.0003x); the two together 1.1005 ms (1.0010x); EXPLORATORY, not the headline: rstd from a tiny reduction kernel, applied as a pure epilogue scale. 2 activation passes vs the unfused side's 3 and the fused side's 1; GEMM k-loop identical to unfused.; arm magnitudes 80.8, 154.1 us against a 36.91 us harness floor (added to BOTH arms, so the ratio understates the work ratio); the per-kernel columns are SEPARATE bench_chain measurements taken after the paired window (bench_f11_lazy_prenorm.py:1547-1549), each behind its own L2 flush, at the STANDALONE tuner's configs -- while the chain inside bench_pair ran the JOINTLY retuned configs. They are not a decomposition of unfused_total_ms and do not sum to it; and they are not reproducible to better than a factor: unfused_k1_ms (0.10451 ms) is the SAME kernel at the SAME config as this regime's norm tuner winner (0.00678 ms, tune_tables.decode_bs16.norm.best_ms, timed by the same bench_chain with the same flush policy and only a different rep count) -- 15.41x apart. Published norm_only_ms is also nearly flat in T across the campaign (0.0891-0.1295 ms over T=1..8192, and it is SMALLER at T=32 than at T=1). No absolute millisecond in this file should be quoted to better than about one significant figure; the within-window RATIOS are what survive; MEASURED ON GPU b2318e71 (family f11), harness floor +36.914 us; at decode that floor is a large share of the measurement (it is added to BOTH arms, so a ratio understates the true work ratio), which is why the decode numbers here should be read as bounds rather than exact"
#11a+#11b combined (one norm charged once),combined,,,1.129,router: BM16 BN64 BK128 GM8 w4 s5 | w13: BM16 BN128 BK128 GM8 w2 s3,1.1017,0.9759,3,"rmsnorm (writes x2, charged once)",,BN8192 ROWS1 w32 s2,router GEMM,0.0386,BM16 BN32 BK128 GM8 w2 s4,w13 grouped GEMM,1.0805,BM16 BN64 BK128 GM8 w4 s3,"SOURCE results/h200/f11_lazy_prenorm.json -- the REPAIRED re-run (run_f11_h200.py, 2026-08-05 17:20:48). The previous campaign's file claimed complete=true with an EMPTY rows array; this one records status='ok', complete=True, 7/7 regimes with rows, 0 regimes failed, n_arms_unmeasurable=0 (all of them decode_bs32, see that row); MEASURED ON A DIFFERENT CARD FROM THE REST OF THIS REPORT: env.uuid b2318e71 against b2318e71 for every other family, with its own harness floor (36.914 us vs 36.914 us). #11 is therefore NOT on the same footing as the rows above it, and summary.json's co-tenancy event (recorded on the OTHER card) does not apply to it; CALIBRATION CONTRADICTS ITSELF INSIDE THE FILE: fairness.timing.calibration says trusted=True, reason=None, while env.calib_health on the identical inputs says launch_trusted=True, timer_tick_trusted=True, contended=False -- ""?"". NOTE (2026-08-07): a 36.9 us harness floor is NORMAL for an idle H200 (37-42 us on every clean preflight; ratio here 3.58x), so the old FLOOR_LAUNCH_RATIO_MAX=3.0 / FLOOR_US_MAX=20.0 bars falsely called it contended; config now owns 8.0 / 50.0 and the real contention detector is timer_tick_match_frac (<0.9 = a tenant); GPU STATE: the driver pinned an idle card (f11_rerun_summary.json gpu.pinned=true, reason ""idlest of 8: 0% utilization, 0.0 GB used, 0 other compute process(es)"", tenant_events=[]), while this file's own fairness.gpu.selection says requested=null/applied=false because bench_f11 was launched without --gpu. Take the driver's record -- and note which way it cuts: if the card WAS idle then the 36.91 us harness floor is the real floor rather than a co-tenant, which is the worse reading for every decode number here; ESTIMATOR PUBLISHED = PAIRED. The `speedup` column is paired_speedup=0.9759 (median of the per-round ratios from the interleaved A/B loop, which cancels monotone drift), NOT the file's own sequential ratio of medians speedup=0.9759 (= unfused.p50/fused.p50). They disagree by +0.00% here; over all 33 #11 arm-cells that carry both, the largest disagreement is 0.00% (), far below the 13.8% seen elsewhere in this campaign; paired statistic from the SAME interleaved run: paired per-round median 0.9759, trimmed 0.9758, per-round p10-p90 0.9733-0.9781, fused faster in 0% of 300 rounds; Hopper axes selected by the tuner: fused=none / unfused=none; NO C500 counterpart row: `replicates` / `coda_correspondence` are carried from #11a because it is the same technique; unfused = 1 norm + router GEMM + w13 GEMM; fused = router GEMM + w13 GEMM (x2 never materialized); this is the layer-honest form of #11: the unfused side is charged ONE norm kernel, which is what the real layer pays; the per-family #11a and #11b rows each charge that same norm and therefore double-count it; unfused_k1_ms is EMPTY: the combined row's norm ran a different config (BN8192 ROWS1 w32 s2) from the one whose standalone time was measured, and it was not re-timed; D-A INVARIANCE TEST (checks.moe_fused_blockm_invariance): ok=True, rel_err=0.0000e+00 vs tol=0.02, bitwise_identical=True, tuned BLOCK_M=16 vs probe BLOCK_M=64, gate=False (NON-GATING by design: a failure does not withhold the timing); SCOPE OF THE PROBE: it varies BLOCK_M only. INVARIANT_CFG_KEYS in glm52_h200/kernels/lazy_prenorm.py declares 8 keys invariant (BLOCK_M, BLOCK_N, GROUP_M, num_stages, WARP_SPECIALIZE, warp_specialize, WS, num_ctas); the other 7 are never probed, and the run's own screen log rejects wrong-answer configs that differ from a published winner in num_stages or num_warps alone. The module's `invariance_verdict` / `invariance_partner` helpers (tol 1e-5, bit-exact) were NOT the code that ran -- the bench uses its own `blockm_invariance` at line 1360, which calls common.check() at its default tol=2e-2; arm magnitudes 1129.0, 1101.7 us against a 36.91 us harness floor (added to BOTH arms, so the ratio understates the work ratio); MEASURED ON GPU b2318e71 (family f11), harness floor +36.914 us; at decode that floor is a large share of the measurement (it is added to BOTH arms, so a ratio understates the true work ratio), which is why the decode numbers here should be read as bounds rather than exact"
