regime,T,config_id,fusion_set,n_kernels,rel_err,wall_ms,graph_ms,work_us,gap_us,launch_us,speedup_wall,ci_lo,ci_hi,speedup_graph,vs_unfused,regime_winner,tied_with_winner,campaign_speedup,delta_vs_campaign
decode_bs1,1,A_all_unfused,none (all unfused),14,8.850e-03,0.40620,0.39349,385.5,8.0,12.7,,,,,baseline,,,1.0000,
decode_bs1,1,B_f3,#3,13,8.850e-03,0.39116,0.37911,371.5,7.6,12.1,1.0373,1.0365,1.0389,1.0375,faster,,,1.0882,-0.0509
decode_bs1,1,C_f1,#1,13,4.425e-03,0.38823,0.37621,368.7,7.5,12.0,1.0459,1.0447,1.0472,1.0463,faster,,,1.0858,-0.0399
decode_bs1,1,D_f6,#6,13,8.850e-03,0.39990,0.38852,382.6,6.0,11.4,1.0154,1.0142,1.0165,1.0124,faster,,,1.0575,-0.0421
decode_bs1,1,E_f10,#10,13,6.637e-03,0.40364,0.39180,385.7,6.1,11.8,1.0062,1.0045,1.0080,1.0046,faster,,,1.0616,-0.0554
decode_bs1,1,F_f8,#8,14,8.850e-03,0.40605,0.39281,387.3,5.5,13.2,0.9998,0.9986,1.0011,1.0021,tied with unfused,,,1.0501,-0.0503
decode_bs1,1,G_f9,#9,13,8.850e-03,0.40420,0.39207,386.4,5.7,12.1,1.0042,1.0031,1.0056,1.0042,faster,,,1.1098,-0.1056
decode_bs1,1,H_f3_f10,#3 + #10,12,6.637e-03,0.38920,0.37710,371.5,5.6,12.1,1.0444,1.0424,1.0456,1.0428,faster,,,1.1555,-0.1111
decode_bs1,1,I_f3_f9,#3 + #9,12,8.850e-03,0.38897,0.37775,371.6,6.1,11.2,1.0442,1.0423,1.0453,1.0422,faster,,,1.2066,-0.1624
decode_bs1,1,J_greedy_all,#1+#6+#9 (greedy),11,6.637e-03,0.37963,0.36945,363.0,6.4,10.2,1.0693,1.0679,1.0709,1.0653,faster,1,1,1.2886,-0.2193
decode_bs1,1,K_f3_f8,#3 + #8,13,8.850e-03,0.39111,0.37903,372.7,6.4,12.1,1.0382,1.0368,1.0392,1.0382,faster,,,1.1448,-0.1066
decode_bs1,1,L_f5,#5,13,8.850e-03,0.40540,0.39263,386.9,5.7,12.8,1.0020,1.0009,1.0034,1.0023,faster,,,1.0902,-0.0882
decode_bs1,1,M_f4,#4,12,8.850e-03,0.41356,0.40310,396.5,6.6,10.5,0.9810,0.9803,0.9827,0.9760,slower,,,1.1895,-0.2085
decode_bs1,1,N_f11b,#11b,14,8.850e-03,0.41836,0.40567,398.9,6.8,12.7,0.9696,0.9686,0.9711,0.9699,slower,,,1.0106,-0.0410
decode_bs1,1,O_f11ab,#11a + #11b,13,8.850e-03,0.41994,0.40797,401.8,6.1,12.0,0.9672,0.9655,0.9682,0.9646,slower,,,1.0962,-0.1290
decode_bs1,1,P_f10_f11ab,#10 + #11a + #11b,12,8.850e-03,0.41774,0.40633,401.1,5.2,11.4,0.9722,0.9710,0.9735,0.9680,slower,,,1.1656,-0.1934
decode_bs1,1,Q_f8_f11ab,#8 + #11a + #11b,13,8.850e-03,0.42026,0.40809,401.9,6.2,12.2,0.9672,0.9658,0.9680,0.9642,slower,,,1.1564,-0.1892
decode_bs1,1,R_f1_f10_f11ab,#1 + #10 + #11a + #11b,11,6.637e-03,0.39871,0.38835,382.4,6.0,10.4,1.0192,1.0171,1.0203,1.0133,faster,,,1.2856,-0.2664
decode_bs2,2,A_all_unfused,none (all unfused),14,8.850e-03,0.52534,0.51101,503.0,8.0,14.3,,,,,baseline,,,1.0000,
decode_bs2,2,B_f3,#3,13,8.850e-03,0.50190,0.48871,480.7,8.0,13.2,1.0462,1.0450,1.0471,1.0453,faster,,,1.0399,+0.0063
decode_bs2,2,C_f1,#1,13,6.637e-03,0.51467,0.50102,493.6,7.4,13.7,1.0209,1.0195,1.0220,1.0203,faster,,,1.0136,+0.0073
decode_bs2,2,D_f6,#6,13,8.850e-03,0.52182,0.50792,500.4,7.5,13.9,1.0077,1.0066,1.0086,1.0058,faster,,,1.0027,+0.0050
decode_bs2,2,E_f10,#10,13,8.850e-03,0.52300,0.50860,501.0,7.6,14.4,1.0048,1.0039,1.0057,1.0045,faster,,,0.9989,+0.0059
decode_bs2,2,F_f8,#8,14,9.541e-03,0.52504,0.51075,502.3,8.5,14.3,1.0004,0.9992,1.0019,1.0005,tied with unfused,,,0.9957,+0.0047
decode_bs2,2,G_f9,#9,13,8.850e-03,0.52287,0.50935,502.3,7.1,13.5,1.0051,1.0039,1.0061,1.0029,faster,,,0.9995,+0.0056
decode_bs2,2,H_f3_f10,#3 + #10,12,8.850e-03,0.50018,0.48678,479.8,7.0,13.4,1.0503,1.0494,1.0512,1.0500,faster,,1,1.0438,+0.0065
decode_bs2,2,I_f3_f9,#3 + #9,12,8.850e-03,0.49963,0.48798,481.1,6.9,11.7,1.0521,1.0505,1.0529,1.0476,faster,1,1,1.0420,+0.0101
decode_bs2,2,J_greedy_all,#1+#6+#9 (greedy),11,6.637e-03,0.50819,0.49670,490.3,6.4,11.5,1.0341,1.0331,1.0353,1.0288,faster,,,1.0253,+0.0088
decode_bs2,2,K_f3_f8,#3 + #8,13,8.850e-03,0.50203,0.48902,481.5,7.5,13.0,1.0472,1.0457,1.0482,1.0456,faster,,,1.0386,+0.0086
decode_bs2,2,L_f5,#5,13,8.850e-03,0.52767,0.51467,507.0,7.7,13.0,0.9965,0.9951,0.9976,0.9927,slower,,,0.9918,+0.0047
decode_bs2,2,M_f4,#4,12,8.850e-03,0.52977,0.51701,510.7,6.3,12.8,0.9920,0.9909,0.9936,0.9886,slower,,,0.9886,+0.0034
decode_bs2,2,N_f11b,#11b,14,8.850e-03,0.53872,0.52259,515.4,7.2,16.1,0.9759,0.9750,0.9769,0.9775,slower,,,0.9739,+0.0020
decode_bs4,4,A_all_unfused,none (all unfused),14,7.092e-03,0.80717,0.79173,783.8,8.0,15.4,,,,,baseline,,,1.0000,
decode_bs4,4,B_f3,#3,13,7.092e-03,0.77102,0.75761,750.3,7.3,13.4,1.0472,1.0463,1.0477,1.0453,faster,,,1.0468,+0.0004
decode_bs4,4,C_f1,#1,13,7.092e-03,0.78300,0.76891,761.2,7.7,14.1,1.0308,1.0301,1.0316,1.0301,faster,,,1.0308,-0.0000
decode_bs4,4,D_f6,#6,13,7.092e-03,0.80453,0.79092,783.3,7.6,13.6,1.0035,1.0030,1.0042,1.0012,faster,,,1.0032,+0.0003
decode_bs4,4,E_f10,#10,13,7.092e-03,0.80367,0.78981,781.7,8.1,13.9,1.0042,1.0038,1.0049,1.0023,faster,,,1.0051,-0.0009
decode_bs4,4,F_f8,#8,14,7.092e-03,0.80764,0.79142,783.4,8.0,16.2,0.9996,0.9988,1.0004,1.0005,tied with unfused,,,1.0001,-0.0005
decode_bs4,4,G_f9,#9,13,7.646e-03,0.80459,0.78970,781.9,7.8,14.9,1.0034,1.0025,1.0041,1.0029,faster,,,1.0018,+0.0016
decode_bs4,4,H_f3_f10,#3 + #10,12,7.092e-03,0.76710,0.75507,747.3,7.8,12.0,1.0524,1.0515,1.0532,1.0488,faster,1,1,1.0503,+0.0021
decode_bs4,4,I_f3_f9,#3 + #9,12,7.092e-03,0.76922,0.75618,747.9,8.3,13.0,1.0497,1.0492,1.0505,1.0471,faster,,,1.0499,-0.0002
decode_bs4,4,J_greedy_all,#1+#6+#9 (greedy),11,7.092e-03,0.77836,0.76635,759.1,7.3,12.0,1.0371,1.0365,1.0379,1.0335,faster,,,1.0365,+0.0006
decode_bs4,4,K_f3_f8,#3 + #8,13,7.092e-03,0.77123,0.75664,748.8,7.9,14.6,1.0469,1.0463,1.0475,1.0462,faster,,,1.0465,+0.0004
decode_bs4,4,L_f5,#5,13,7.092e-03,0.80529,0.79165,784.5,7.2,13.6,1.0024,1.0019,1.0030,1.0001,faster,,,1.0021,+0.0003
decode_bs4,4,M_f4,#4,12,7.092e-03,0.79795,0.78489,777.6,7.3,13.1,1.0117,1.0107,1.0123,1.0086,faster,,,1.0115,+0.0002
decode_bs4,4,N_f11b,#11b,14,7.092e-03,0.82009,0.80367,795.8,7.9,16.4,0.9848,0.9842,0.9851,0.9849,slower,,,0.9849,-0.0001
decode_bs8,8,A_all_unfused,none (all unfused),14,7.092e-03,1.22997,1.21528,1207.1,8.2,14.7,,,,,baseline,,,1.0000,
decode_bs8,8,B_f3,#3,13,7.092e-03,1.21850,1.20532,1197.3,8.1,13.2,1.0094,1.0091,1.0097,1.0085,faster,,,1.0089,+0.0005
decode_bs8,8,C_f1,#1,13,7.092e-03,1.21021,1.19572,1188.8,6.9,14.5,1.0165,1.0162,1.0169,1.0166,faster,,,1.0164,+0.0001
decode_bs8,8,D_f6,#6,13,7.092e-03,1.22466,1.21139,1203.5,7.9,13.3,1.0045,1.0041,1.0049,1.0032,faster,,,1.0036,+0.0009
decode_bs8,8,E_f10,#10,13,7.092e-03,1.22747,1.21396,1206.1,7.8,13.5,1.0022,1.0016,1.0026,1.0011,faster,,,1.0032,-0.0010
decode_bs8,8,F_f8,#8,14,7.092e-03,1.22352,1.20967,1201.5,8.2,13.8,1.0053,1.0049,1.0057,1.0047,faster,,,1.0048,+0.0005
decode_bs8,8,G_f9,#9,13,1.064e-02,1.22134,1.20801,1200.5,7.5,13.3,1.0073,1.0068,1.0079,1.0060,faster,,,1.0061,+0.0012
decode_bs8,8,H_f3_f10,#3 + #10,12,7.092e-03,1.21647,1.20314,1196.7,6.4,13.3,1.0114,1.0110,1.0116,1.0102,faster,,,1.0108,+0.0006
decode_bs8,8,I_f3_f9,#3 + #9,12,1.064e-02,1.20945,1.19702,1189.7,7.3,12.4,1.0170,1.0165,1.0173,1.0154,faster,,,1.0160,+0.0010
decode_bs8,8,J_greedy_all,#1+#6+#9 (greedy),11,7.092e-03,1.19577,1.18439,1177.6,6.8,11.4,1.0288,1.0284,1.0293,1.0262,faster,1,1,1.0270,+0.0018
decode_bs8,8,K_f3_f8,#3 + #8,13,7.092e-03,1.21220,1.19865,1190.5,8.1,13.6,1.0148,1.0144,1.0154,1.0141,faster,,,1.0132,+0.0016
decode_bs8,8,L_f5,#5,13,7.092e-03,1.23125,1.21860,1211.1,7.5,12.6,0.9990,0.9986,0.9994,0.9973,slower,,,0.9987,+0.0003
decode_bs8,8,M_f4,#4,12,7.092e-03,1.22426,1.21164,1204.7,6.9,12.6,1.0049,1.0045,1.0052,1.0031,faster,,,1.0053,-0.0004
decode_bs8,8,N_f11b,#11b,14,7.092e-03,1.24089,1.22547,1217.7,7.8,15.4,0.9914,0.9909,0.9917,0.9916,slower,,,0.9915,-0.0001
decode_bs16,16,A_all_unfused,none (all unfused),14,6.803e-03,1.99077,1.97599,1967.3,8.7,14.8,,,,,baseline,,,1.0000,
decode_bs16,16,B_f3,#3,13,6.803e-03,1.98874,1.97498,1966.8,8.2,13.8,1.0009,1.0005,1.0014,1.0006,faster,,,1.0012,-0.0003
decode_bs16,16,C_f1,#1,13,6.803e-03,1.97202,1.95760,1950.0,7.6,14.4,1.0094,1.0090,1.0097,1.0094,faster,,,1.0098,-0.0004
decode_bs16,16,D_f6,#6,13,6.803e-03,1.98395,1.97222,1964.1,8.1,11.7,1.0031,1.0028,1.0034,1.0016,faster,,,1.0036,-0.0005
decode_bs16,16,E_f10,#10,13,6.803e-03,1.98131,1.96836,1960.4,8.0,13.0,1.0045,1.0043,1.0049,1.0039,faster,,,1.0050,-0.0005
decode_bs16,16,F_f8,#8,14,6.803e-03,1.99080,1.97438,1966.9,7.5,16.4,1.0000,0.9995,1.0004,1.0010,tied with unfused,,,1.0007,-0.0007
decode_bs16,16,G_f9,#9,13,1.020e-02,1.98017,1.96609,1958.3,7.8,14.1,1.0052,1.0048,1.0057,1.0053,faster,,,1.0054,-0.0002
decode_bs16,16,H_f3_f10,#3 + #10,12,6.803e-03,1.97962,1.96719,1960.2,7.0,12.4,1.0055,1.0051,1.0060,1.0046,faster,,,1.0053,+0.0002
decode_bs16,16,I_f3_f9,#3 + #9,12,1.020e-02,1.97808,1.96430,1956.5,7.8,13.8,1.0061,1.0057,1.0066,1.0059,faster,,,1.0072,-0.0011
decode_bs16,16,J_greedy_all,#1+#6+#9 (greedy),11,6.803e-03,1.95541,1.94349,1936.9,6.6,11.9,1.0179,1.0176,1.0182,1.0168,faster,1,1,1.0185,-0.0006
decode_bs16,16,K_f3_f8,#3 + #8,13,6.803e-03,1.98771,1.97388,1965.7,8.2,13.8,1.0013,1.0010,1.0017,1.0011,faster,,,1.0015,-0.0002
decode_bs16,16,L_f5,#5,13,6.803e-03,2.00317,1.98909,1980.8,8.3,14.1,0.9939,0.9935,0.9941,0.9935,slower,,,0.9939,-0.0000
decode_bs16,16,M_f4,#4,12,6.803e-03,1.99629,1.98355,1975.5,8.0,12.7,0.9973,0.9970,0.9975,0.9962,slower,,,0.9978,-0.0005
decode_bs16,16,N_f11b,#11b,14,6.803e-03,2.00002,1.98511,1975.7,9.4,14.9,0.9952,0.9948,0.9956,0.9954,slower,,,0.9954,-0.0002
decode_bs32,32,A_all_unfused,none (all unfused),14,6.494e-03,2.93013,2.91440,2906.4,8.0,15.7,,,,,baseline,,,1.0000,
decode_bs32,32,B_f3,#3,13,6.494e-03,2.90538,2.89087,2883.7,7.2,14.5,1.0087,1.0083,1.0089,1.0081,faster,,,1.0081,+0.0006
decode_bs32,32,C_f1,#1,13,6.494e-03,2.90967,2.89482,2887.6,7.2,14.8,1.0071,1.0067,1.0074,1.0068,faster,,,1.0072,-0.0001
decode_bs32,32,D_f6,#6,13,6.494e-03,2.92568,2.91062,2903.2,7.5,15.1,1.0016,1.0013,1.0017,1.0013,faster,,,1.0002,+0.0014
decode_bs32,32,E_f10,#10,13,6.494e-03,2.92700,2.91174,2904.8,6.9,15.3,1.0011,1.0009,1.0015,1.0009,faster,,,1.0013,-0.0002
decode_bs32,32,F_f8,#8,14,7.305e-03,2.93038,2.91628,2907.4,8.9,14.1,1.0000,0.9997,1.0004,0.9995,tied with unfused,,,0.9995,+0.0005
decode_bs32,32,G_f9,#9,13,9.740e-03,2.92707,2.91343,2904.8,8.6,13.6,1.0013,1.0010,1.0015,1.0004,faster,,,1.0003,+0.0010
decode_bs32,32,H_f3_f10,#3 + #10,12,6.494e-03,2.90250,2.88902,2880.9,8.1,13.5,1.0096,1.0093,1.0098,1.0087,faster,,1,1.0090,+0.0006
decode_bs32,32,I_f3_f9,#3 + #9,12,9.740e-03,2.90283,2.88959,2882.8,6.8,13.2,1.0096,1.0093,1.0098,1.0085,faster,,1,1.0087,+0.0009
decode_bs32,32,J_greedy_all,#1+#6+#9 (greedy),11,6.494e-03,2.90241,2.89052,2883.4,7.1,11.9,1.0098,1.0093,1.0100,1.0083,faster,1,1,1.0079,+0.0019
decode_bs32,32,K_f3_f8,#3 + #8,13,7.305e-03,2.90605,2.89149,2884.0,7.5,14.6,1.0083,1.0081,1.0087,1.0080,faster,,,1.0074,+0.0009
decode_bs32,32,L_f5,#5,13,6.494e-03,2.91793,2.90450,2896.9,7.6,13.4,1.0043,1.0040,1.0044,1.0034,faster,,,1.0025,+0.0018
decode_bs32,32,M_f4,#4,12,6.494e-03,2.90959,2.89574,2890.0,5.8,13.9,1.0070,1.0069,1.0072,1.0065,faster,,,1.0065,+0.0005
decode_bs32,32,N_f11b,#11b,14,6.494e-03,2.93251,2.91699,2909.8,7.2,15.5,0.9992,0.9989,0.9995,0.9991,slower,,,0.9993,-0.0001
decode_bs256,256,A_all_unfused,none (all unfused),14,6.536e-03,4.64264,4.62523,4613.9,11.3,17.4,,,,,baseline,,,1.0000,
decode_bs256,256,B_f3,#3,13,6.536e-03,4.63778,4.62171,4612.6,9.2,16.1,1.0009,1.0006,1.0011,1.0007,faster,,,1.0004,+0.0005
decode_bs256,256,C_f1,#1,13,6.536e-03,4.63305,4.61794,4608.1,9.8,15.1,1.0020,1.0017,1.0022,1.0016,faster,,,1.0012,+0.0008
decode_bs256,256,D_f6,#6,13,6.536e-03,4.58673,4.57076,4562.0,8.8,16.0,1.0121,1.0118,1.0125,1.0121,faster,,,1.0079,+0.0042
decode_bs256,256,E_f10,#10,13,8.170e-03,4.63624,4.62060,4611.4,9.2,15.6,1.0014,1.0010,1.0016,1.0011,faster,,,1.0005,+0.0009
decode_bs256,256,F_f8,#8,14,9.804e-03,4.64112,4.62344,4615.3,8.1,17.7,1.0003,1.0001,1.0006,1.0004,faster,,,1.0003,+0.0000
decode_bs256,256,G_f9,#9,13,9.804e-03,4.63495,4.61792,4608.8,9.1,17.0,1.0015,1.0013,1.0017,1.0015,faster,,,1.0020,-0.0005
decode_bs256,256,H_f3_f10,#3 + #10,12,8.170e-03,4.63305,4.61968,4607.9,11.8,13.4,1.0019,1.0017,1.0023,1.0017,faster,,,1.0015,+0.0004
decode_bs256,256,I_f3_f9,#3 + #9,12,9.804e-03,4.63213,4.61606,4606.3,9.8,16.1,1.0023,1.0019,1.0028,1.0019,faster,,,1.0025,-0.0002
decode_bs256,256,J_greedy_all,#1+#6+#9 (greedy),11,6.536e-03,4.56994,4.55652,4550.1,6.4,13.4,1.0156,1.0154,1.0160,1.0150,faster,1,1,1.0122,+0.0034
decode_bs256,256,K_f3_f8,#3 + #8,13,9.804e-03,4.63672,4.61956,4611.2,8.4,17.2,1.0012,1.0009,1.0014,1.0013,faster,,,1.0013,-0.0001
decode_bs256,256,L_f5,#5,13,6.536e-03,4.66167,4.64741,4636.2,11.2,14.3,0.9958,0.9953,0.9961,0.9955,slower,,,0.9957,+0.0001
decode_bs256,256,M_f4,#4,12,6.536e-03,4.66669,4.65239,4641.6,10.8,14.3,0.9948,0.9945,0.9950,0.9943,slower,,,0.9946,+0.0002
decode_bs256,256,N_f11b,#11b,14,6.536e-03,4.65294,4.63536,4624.7,10.6,17.6,0.9976,0.9975,0.9978,0.9979,slower,,,0.9975,+0.0001
decode_bs512,512,A_all_unfused,none (all unfused),14,7.812e-03,4.86260,4.84445,4819.1,25.4,18.1,,,,,baseline,,,1.0000,
decode_bs512,512,B_f3,#3,13,7.812e-03,4.85821,4.84092,4816.8,24.1,17.3,1.0008,1.0004,1.0011,1.0008,faster,,,0.9998,+0.0010
decode_bs512,512,C_f1,#1,13,6.250e-03,4.84744,4.83008,4801.8,28.3,17.4,1.0029,1.0025,1.0032,1.0030,faster,,,1.0038,-0.0009
decode_bs512,512,D_f6,#6,13,7.812e-03,4.81647,4.79911,4774.9,24.2,17.4,1.0093,1.0091,1.0097,1.0094,faster,,,1.0107,-0.0014
decode_bs512,512,E_f10,#10,13,9.375e-03,4.85404,4.83771,4813.4,24.3,16.3,1.0016,1.0012,1.0020,1.0015,faster,,,1.0007,+0.0009
decode_bs512,512,F_f8,#8,14,9.375e-03,4.86705,4.84748,4823.0,24.5,19.6,0.9989,0.9986,0.9992,0.9992,slower,,,0.9963,+0.0026
decode_bs512,512,G_f9,#9,13,9.375e-03,4.85573,4.84140,4814.9,26.5,14.3,1.0013,1.0008,1.0016,1.0010,faster,,,0.9982,+0.0031
decode_bs512,512,H_f3_f10,#3 + #10,12,9.375e-03,4.84982,4.83418,4810.1,24.1,15.6,1.0028,1.0023,1.0030,1.0025,faster,,,1.0015,+0.0013
decode_bs512,512,I_f3_f9,#3 + #9,12,9.375e-03,4.85305,4.83744,4813.4,24.0,15.6,1.0021,1.0017,1.0025,1.0013,faster,,,1.0002,+0.0019
decode_bs512,512,J_greedy_all,#1+#6+#9 (greedy),11,7.812e-03,4.79605,4.78458,4755.4,29.2,11.5,1.0136,1.0132,1.0139,1.0126,faster,1,1,1.0096,+0.0040
decode_bs512,512,K_f3_f8,#3 + #8,13,9.375e-03,4.86159,4.84589,4822.2,23.7,15.7,1.0002,0.9998,1.0005,0.9996,tied with unfused,,,0.9960,+0.0042
decode_bs512,512,L_f5,#5,13,7.812e-03,4.86721,4.85169,4827.7,24.0,15.5,0.9992,0.9989,0.9995,0.9987,slower,,,0.9976,+0.0016
decode_bs512,512,M_f4,#4,12,7.812e-03,4.86997,4.85659,4832.6,24.0,13.4,0.9983,0.9981,0.9987,0.9978,slower,,,0.9982,+0.0001
decode_bs512,512,N_f11b,#11b,14,7.812e-03,4.87137,4.85440,4827.9,26.5,17.0,0.9983,0.9981,0.9985,0.9983,slower,,,0.9981,+0.0002
decode_bs1024,1024,A_all_unfused,none (all unfused),14,8.621e-03,5.44300,5.42619,5368.0,58.1,16.8,,,,,baseline,,,1.0000,
decode_bs1024,1024,B_f3,#3,13,8.621e-03,5.43956,5.42271,5361.9,60.8,16.9,1.0009,1.0003,1.0014,1.0007,faster,,,1.0003,+0.0006
decode_bs1024,1024,C_f1,#1,13,5.747e-03,5.48994,5.47336,5372.7,100.6,16.6,0.9919,0.9915,0.9926,0.9913,slower,,,0.9925,-0.0006
decode_bs1024,1024,D_f6,#6,13,8.621e-03,5.42572,5.40882,5342.1,66.8,16.9,1.0034,1.0030,1.0041,1.0033,faster,,1,0.9973,+0.0061
decode_bs1024,1024,E_f10,#10,13,6.825e-03,5.42760,5.41235,5350.7,61.7,15.3,1.0030,1.0024,1.0035,1.0030,faster,,1,0.9961,+0.0069
decode_bs1024,1024,F_f8,#8,14,8.621e-03,5.45186,5.43179,5364.7,67.1,20.1,0.9987,0.9981,0.9995,0.9992,slower,,,0.9994,-0.0007
decode_bs1024,1024,G_f9,#9,13,8.621e-03,5.43292,5.42017,5364.5,55.6,12.7,1.0017,1.0013,1.0022,1.0016,faster,,,0.9969,+0.0048
decode_bs1024,1024,H_f3_f10,#3 + #10,12,6.825e-03,5.42552,5.40660,5354.7,51.8,18.9,1.0038,1.0032,1.0048,1.0035,faster,1,1,0.9986,+0.0052
decode_bs1024,1024,I_f3_f9,#3 + #9,12,8.621e-03,5.42962,5.41702,5358.6,58.4,12.6,1.0029,1.0021,1.0035,1.0019,faster,,1,0.9995,+0.0034
decode_bs1024,1024,J_greedy_all,#1+#6+#9 (greedy),11,7.184e-03,5.46623,5.45426,5367.8,86.5,12.0,0.9961,0.9951,0.9974,0.9946,slower,,,0.9900,+0.0061
decode_bs1024,1024,K_f3_f8,#3 + #8,13,8.621e-03,5.44911,5.42855,5377.4,51.2,20.6,0.9994,0.9988,1.0004,0.9994,tied with unfused,,,0.9993,+0.0001
decode_bs1024,1024,L_f5,#5,13,8.621e-03,5.47333,5.45559,5398.6,57.0,17.7,0.9951,0.9943,0.9955,0.9948,slower,,,0.9918,+0.0033
decode_bs1024,1024,M_f4,#4,12,8.621e-03,5.48426,5.46718,5406.1,61.1,17.1,0.9929,0.9925,0.9934,0.9926,slower,,,0.9943,-0.0014
decode_bs1024,1024,N_f11b,#11b,14,8.621e-03,5.45423,5.43480,5383.1,51.7,19.4,0.9980,0.9977,0.9985,0.9982,slower,,,0.9990,-0.0010
prefill_t2048,2048,A_all_unfused,none (all unfused),14,8.721e-03,6.27989,6.26496,6031.2,233.8,14.9,,,,,baseline,,,1.0000,
prefill_t2048,2048,B_f3,#3,13,8.721e-03,6.27483,6.25458,5994.3,260.3,20.2,1.0016,1.0011,1.0019,1.0017,faster,,,1.0011,+0.0005
prefill_t2048,2048,C_f1,#1,13,5.814e-03,6.25556,6.24797,5990.0,258.0,7.6,1.0044,1.0032,1.0047,1.0042,faster,1,1,1.0061,-0.0017
prefill_t2048,2048,D_f6,#6,13,8.721e-03,6.71147,6.70128,6302.2,399.1,10.2,0.9367,0.9346,0.9385,0.9343,slower,,,0.9367,+0.0000
prefill_t2048,2048,E_f10,#10,13,7.267e-03,6.25141,6.24931,5934.1,315.3,2.1,1.0043,1.0018,1.0065,1.0028,faster,,1,1.0045,-0.0002
prefill_t2048,2048,F_f8,#8,14,8.721e-03,6.41769,6.40862,6026.1,382.5,9.1,0.9785,0.9744,0.9815,0.9796,slower,,,0.9904,-0.0119
prefill_t2048,2048,G_f9,#9,13,8.721e-03,6.38975,6.38324,6039.2,344.0,6.5,0.9832,0.9785,0.9847,0.9832,slower,,,0.9840,-0.0008
prefill_t2048,2048,H_f3_f10,#3 + #10,12,7.267e-03,6.24010,6.23966,5968.9,270.7,0.4,1.0038,0.9993,1.0066,1.0058,tied with unfused,,1,1.0049,-0.0011
prefill_t2048,2048,I_f3_f9,#3 + #9,12,8.721e-03,6.38681,6.36447,6104.0,260.5,22.3,0.9851,0.9797,0.9862,0.9842,slower,,,0.9848,+0.0003
prefill_t2048,2048,J_greedy_all,#1+#6+#9 (greedy),11,8.721e-03,6.79172,6.79834,6357.3,441.1,-6.6,0.9225,0.9209,0.9271,0.9227,slower,,,0.9384,-0.0159
prefill_t2048,2048,K_f3_f8,#3 + #8,13,8.721e-03,6.40605,6.40136,6082.2,319.2,4.7,0.9800,0.9769,0.9816,0.9811,slower,,,0.9816,-0.0016
prefill_t2048,2048,L_f5,#5,13,8.721e-03,6.33954,6.33336,6012.5,320.9,6.2,0.9900,0.9876,0.9920,0.9908,slower,,,0.9925,-0.0025
prefill_t2048,2048,M_f4,#4,12,8.721e-03,6.34701,6.33056,6058.8,271.8,16.5,0.9909,0.9894,0.9916,0.9911,slower,,,0.9918,-0.0009
prefill_t2048,2048,N_f11b,#11b,14,8.721e-03,6.30052,6.27411,5971.3,302.8,26.4,0.9982,0.9972,0.9993,0.9989,slower,,,1.0001,-0.0019
prefill_t8192,8192,A_all_unfused,none (all unfused),14,7.614e-03,16.06104,16.02422,15416.3,607.9,36.8,,,,,baseline,,,1.0000,
prefill_t8192,8192,B_f3,#3,13,7.614e-03,15.97788,15.96625,15465.3,500.9,11.6,1.0027,1.0021,1.0032,1.0019,faster,,,1.0069,-0.0042
prefill_t8192,8192,C_f1,#1,13,5.076e-03,16.02247,15.95005,15475.0,475.0,72.4,1.0012,1.0002,1.0034,1.0022,faster,,,0.9975,+0.0037
prefill_t8192,8192,D_f6,#6,13,7.614e-03,17.09903,17.08484,15946.8,1138.0,14.2,0.9377,0.9352,0.9406,0.9371,slower,,,0.9675,-0.0298
prefill_t8192,8192,E_f10,#10,13,7.614e-03,15.98004,15.96057,15262.6,697.9,19.5,1.0045,0.9998,1.0085,1.0032,tied with unfused,,1,1.0011,+0.0034
prefill_t8192,8192,F_f8,#8,14,7.614e-03,16.52293,16.48367,15797.6,686.1,39.3,0.9712,0.9668,0.9732,0.9706,slower,,,0.9727,-0.0015
prefill_t8192,8192,G_f9,#9,13,7.614e-03,16.48160,16.38814,15693.6,694.5,93.5,0.9755,0.9728,0.9774,0.9757,slower,,,0.9727,+0.0028
prefill_t8192,8192,H_f3_f10,#3 + #10,12,7.614e-03,15.88363,15.86224,15229.5,632.7,21.4,1.0070,1.0055,1.0118,1.0099,faster,1,1,1.0081,-0.0011
prefill_t8192,8192,I_f3_f9,#3 + #9,12,7.614e-03,16.37720,16.37915,15728.7,650.5,-2.0,0.9756,0.9737,0.9807,0.9779,slower,,,0.9768,-0.0012
prefill_t8192,8192,J_greedy_all,#1+#6+#9 (greedy),11,7.614e-03,17.39669,17.44143,16416.4,1025.1,-44.7,0.9186,0.9155,0.9214,0.9181,slower,,,0.9390,-0.0204
prefill_t8192,8192,K_f3_f8,#3 + #8,13,7.614e-03,16.47726,16.52940,15886.7,642.7,-52.1,0.9735,0.9705,0.9763,0.9699,slower,,,0.9754,-0.0019
prefill_t8192,8192,L_f5,#5,13,7.614e-03,16.10994,16.12258,15533.4,589.2,-12.6,0.9954,0.9929,0.9990,0.9939,slower,,,0.9950,+0.0004
prefill_t8192,8192,M_f4,#4,12,7.614e-03,16.12012,16.10121,15448.9,652.3,18.9,0.9977,0.9960,0.9992,0.9966,slower,,,1.0031,-0.0054
prefill_t8192,8192,N_f11b,#11b,14,7.614e-03,16.09650,16.07735,15309.0,768.4,19.1,0.9982,0.9974,0.9990,0.9980,slower,,,1.0022,-0.0040
