T,rows,rows_per_expert,accum_MB,unfused_ms,fused_ms,gain,gain_min,gain_max,gain_spread_pct,rel_err_unfused,rel_err_fused,unfused_cfg,moe_sum_cfg,fused_cfg,source
1,8,0.0312,0.0117,0.1528,0.1562,0.9787,0.9787,0.9803,0.1711,0.0036228785756975412,0.006765902042388916,BLOCK_M16 BLOCK_N64 BLOCK_K64 GROUP_M8 num_warps4 num_stages4,BLOCK_M2 BLOCK_DIM512 num_warps16 num_stages1,BLOCK_M16 BLOCK_N64 BLOCK_K64 GROUP_M16 num_warps4 num_stages3,lane sweep
2,16,0.0625,0.0234,0.257,0.2616,0.9833,0.9814,0.9853,0.398,0.004252874758094549,0.007771691307425499,BLOCK_M16 BLOCK_N64 BLOCK_K64 GROUP_M8 num_warps4 num_stages4,BLOCK_M2 BLOCK_DIM256 num_warps8 num_stages1,BLOCK_M16 BLOCK_N64 BLOCK_K64 GROUP_M16 num_warps8 num_stages3,lane sweep
4,32,0.125,0.0469,0.4859,0.4938,0.9839,0.9824,0.9844,0.2062,0.0034307283349335194,0.007372466381639242,BLOCK_M16 BLOCK_N32 BLOCK_K64 GROUP_M8 num_warps4 num_stages4,BLOCK_M2 BLOCK_DIM256 num_warps4 num_stages1,BLOCK_M16 BLOCK_N64 BLOCK_K64 GROUP_M8 num_warps8 num_stages3,lane sweep
8,64,0.25,0.0938,0.8837,0.8796,1.0049,1.0035,1.0055,0.2034,0.003971520811319351,0.008036956191062927,BLOCK_M16 BLOCK_N32 BLOCK_K64 GROUP_M8 num_warps4 num_stages4,BLOCK_M16 BLOCK_DIM256 num_warps16 num_stages4,BLOCK_M16 BLOCK_N32 BLOCK_K64 GROUP_M8 num_warps4 num_stages3,lane sweep
16,128,0.5,0.1875,1.5578,1.5468,1.0071,1.0061,1.0074,0.1322,0.0035058544017374516,0.007736954838037491,BLOCK_M16 BLOCK_N32 BLOCK_K64 GROUP_M16 num_warps4 num_stages4,BLOCK_M2 BLOCK_DIM512 num_warps16 num_stages1,BLOCK_M16 BLOCK_N32 BLOCK_K64 GROUP_M16 num_warps4 num_stages4,lane sweep
32,256,1.0,0.375,2.5766,2.5812,0.9986,0.9978,0.9992,0.1389,0.003523176535964012,0.008611730299890041,BLOCK_M16 BLOCK_N32 BLOCK_K64 GROUP_M8 num_warps2 num_stages4,BLOCK_M2 BLOCK_DIM256 num_warps8 num_stages1,BLOCK_M16 BLOCK_N64 BLOCK_K64 GROUP_M8 num_warps8 num_stages3,lane sweep
48,384,1.5,0.5625,3.0943,3.0633,1.01,1.0099,1.0104,0.05,0.0038530409801751375,0.008716720156371593,BLOCK_M16 BLOCK_N32 BLOCK_K64 GROUP_M1 num_warps2 num_stages4,BLOCK_M2 BLOCK_DIM512 num_warps8 num_stages2,BLOCK_M16 BLOCK_N32 BLOCK_K64 GROUP_M1 num_warps4 num_stages4,lane sweep
64,512,2.0,0.75,3.4481,3.4086,1.0116,1.0113,1.0117,0.0448,0.0036691054701805115,0.007990898564457893,BLOCK_M16 BLOCK_N32 BLOCK_K64 GROUP_M1 num_warps2 num_stages4,BLOCK_M2 BLOCK_DIM256 num_warps4 num_stages2,BLOCK_M16 BLOCK_N32 BLOCK_K64 GROUP_M1 num_warps4 num_stages4,lane sweep
96,768,3.0,1.125,3.8077,3.7903,1.0045,1.0039,1.0047,0.0812,0.004209497943520546,0.010703442618250847,BLOCK_M16 BLOCK_N32 BLOCK_K64 GROUP_M1 num_warps2 num_stages4,BLOCK_M2 BLOCK_DIM256 num_warps4 num_stages2,BLOCK_M16 BLOCK_N64 BLOCK_K64 GROUP_M1 num_warps4 num_stages4,lane sweep
128,1024,4.0,1.5,3.9913,3.9754,1.0041,1.003,1.0043,0.1287,0.0035032369196414948,0.010390637442469597,BLOCK_M16 BLOCK_N32 BLOCK_K64 GROUP_M1 num_warps2 num_stages4,BLOCK_M2 BLOCK_DIM256 num_warps4 num_stages1,BLOCK_M16 BLOCK_N64 BLOCK_K64 GROUP_M1 num_warps8 num_stages4,lane sweep
192,1536,6.0,2.25,4.1116,4.1044,1.0018,1.0015,1.0022,0.0686,0.0035943721886724234,0.009029456414282322,BLOCK_M16 BLOCK_N32 BLOCK_K64 GROUP_M1 num_warps2 num_stages4,BLOCK_M2 BLOCK_DIM256 num_warps4 num_stages1,BLOCK_M16 BLOCK_N64 BLOCK_K64 GROUP_M1 num_warps8 num_stages3,lane sweep
256,2048,8.0,3.0,4.1656,4.1592,1.0015,1.0012,1.0015,0.0308,0.00411909818649292,0.00854521244764328,BLOCK_M16 BLOCK_N32 BLOCK_K64 GROUP_M1 num_warps2 num_stages4,BLOCK_M2 BLOCK_DIM512 num_warps8 num_stages2,BLOCK_M16 BLOCK_N64 BLOCK_K64 GROUP_M1 num_warps8 num_stages4,lane sweep
320,2560,10.0,3.75,4.2872,4.2977,0.9976,0.9975,0.9977,0.0237,0.003407839685678482,0.008496406488120556,BLOCK_M16 BLOCK_N32 BLOCK_K64 GROUP_M8 num_warps2 num_stages4,BLOCK_M2 BLOCK_DIM256 num_warps4 num_stages1,BLOCK_M16 BLOCK_N64 BLOCK_K64 GROUP_M4 num_warps8 num_stages4,lane sweep
384,3072,12.0,4.5,4.4969,4.5371,0.9909,0.9907,0.9915,0.0795,0.0034968997351825237,0.009296506643295288,BLOCK_M32 BLOCK_N64 BLOCK_K64 GROUP_M1 num_warps8 num_stages4,BLOCK_M2 BLOCK_DIM256 num_warps8 num_stages1,BLOCK_M32 BLOCK_N64 BLOCK_K64 GROUP_M1 num_warps8 num_stages3,lane sweep
448,3584,14.0,5.25,4.5271,4.566,0.9916,0.9909,0.9921,0.1298,0.003459378145635128,0.006675261072814465,BLOCK_M32 BLOCK_N64 BLOCK_K64 GROUP_M1 num_warps8 num_stages4,BLOCK_M2 BLOCK_DIM256 num_warps8 num_stages1,BLOCK_M32 BLOCK_N64 BLOCK_K64 GROUP_M1 num_warps8 num_stages3,lane sweep
512,4096,16.0,6.0,4.6026,4.6561,0.9882,0.9878,0.9891,0.1224,0.0036719266790896654,0.008653800934553146,BLOCK_M32 BLOCK_N64 BLOCK_K64 GROUP_M1 num_warps8 num_stages4,BLOCK_M2 BLOCK_DIM512 num_warps8 num_stages1,BLOCK_M32 BLOCK_N64 BLOCK_K64 GROUP_M1 num_warps8 num_stages3,lane sweep
640,5120,20.0,7.5,4.7647,4.8279,0.9867,0.9865,0.9873,0.0797,0.00403515063226223,0.009033792652189732,BLOCK_M32 BLOCK_N64 BLOCK_K64 GROUP_M1 num_warps8 num_stages4,BLOCK_M2 BLOCK_DIM512 num_warps8 num_stages4,BLOCK_M32 BLOCK_N64 BLOCK_K64 GROUP_M1 num_warps8 num_stages3,lane sweep
768,6144,24.0,9.0,5.0604,5.1446,0.9835,0.983,0.984,0.0955,0.0034115114249289036,0.00966031663119793,BLOCK_M32 BLOCK_N64 BLOCK_K64 GROUP_M1 num_warps8 num_stages4,BLOCK_M2 BLOCK_DIM512 num_warps8 num_stages4,BLOCK_M32 BLOCK_N64 BLOCK_K64 GROUP_M1 num_warps8 num_stages3,wide re-tune (486 cfgs/side)
896,7168,28.0,10.5,5.3972,5.7311,0.9418,0.9414,0.942,0.0581,0.003739499021321535,0.007597438991069794,BLOCK_M64 BLOCK_N64 BLOCK_K64 GROUP_M1 num_warps8 num_stages3,BLOCK_M2 BLOCK_DIM512 num_warps8 num_stages4,BLOCK_M64 BLOCK_N64 BLOCK_K64 GROUP_M1 num_warps8 num_stages3,wide re-tune (486 cfgs/side)
1024,8192,32.0,12.0,5.4789,6.0705,0.9025,0.9022,0.9029,0.0786,0.004960343241691589,0.009187694638967514,BLOCK_M64 BLOCK_N64 BLOCK_K64 GROUP_M1 num_warps8 num_stages3,BLOCK_M2 BLOCK_DIM512 num_warps8 num_stages1,BLOCK_M64 BLOCK_N128 BLOCK_K64 GROUP_M1 num_warps16 num_stages2,wide re-tune (486 cfgs/side)
