c500_chain_ms,c500_fused_ms,c500_gain,c500_moesum_res_ms,c500_pub_gain,c500_pub_is_fused_winner,c500_pub_is_unfused_winner,chain_note,family,fused_mapping,h200_chain_ms,h200_fused_ms,h200_gain,h200_moesum_res_ms,h200_pub_gain,h200_pub_is_fused_winner,h200_pub_is_unfused_winner,pathological,regime,unfused_mapping
0.2135040033608675,0.20403200387954712,1.0464240869138957,0.01740800030529499,1.093525161780137,False,False,,f08f09,BLOCK_M64_BLOCK_N64_BLOCK_K32_GROUP_M8_num_warps4_num_stages2,0.1350719965994358,0.10559999942779541,1.2790908838194837,0.03171199932694435,2.250473825812918,False,False,0,decode_bs1,BLOCK_M64_BLOCK_N64_BLOCK_K32_GROUP_M8_num_warps4_num_stages2
0.2270720023661852,0.21427200734615326,1.0597371312219692,0.01740800030529499,1.093525161780137,False,False,,f08f09,BLOCK_M64_BLOCK_N64_BLOCK_K32_GROUP_M8_num_warps8_num_stages3,0.1287040002644062,0.09932799637317657,1.295747472654775,0.03171199932694435,2.250473825812918,False,False,0,decode_bs1,BLOCK_M64_BLOCK_N64_BLOCK_K32_GROUP_M8_num_warps8_num_stages3
0.3240960109978914,0.2836480140686035,1.1425992600798012,0.01740800030529499,1.093525161780137,False,False,,f08f09,BLOCK_M16_BLOCK_N64_BLOCK_K32_GROUP_M8_num_warps4_num_stages2,0.13472000136971474,0.10521599650382996,1.2804136808684867,0.03171199932694435,2.250473825812918,False,False,1,decode_bs1,BLOCK_M16_BLOCK_N64_BLOCK_K32_GROUP_M8_num_warps4_num_stages2
0.5232639778405428,0.5363199710845947,0.9756563358667235,0.01740800030529499,1.093525161780137,False,False,,f08f09,BLOCK_M128_BLOCK_N32_BLOCK_K64_GROUP_M8_num_warps8_num_stages3,0.13999999687075615,0.11161600053310394,1.2543004246889662,0.03171199932694435,2.250473825812918,False,False,1,decode_bs1,BLOCK_M128_BLOCK_N32_BLOCK_K64_GROUP_M8_num_warps8_num_stages3
0.21606399305164814,0.20684799551963806,1.0445544444791834,0.01740800030529499,1.093525161780137,False,False,,f08f09,BLOCK_M64_BLOCK_N128_BLOCK_K64_GROUP_M8_num_warps16_num_stages2,0.12972800061106682,0.10051199793815613,1.2906717931414213,0.03171199932694435,2.250473825812918,False,False,0,decode_bs1,BLOCK_M64_BLOCK_N128_BLOCK_K64_GROUP_M8_num_warps16_num_stages2
5.721343774348497,5.755392074584961,0.994084104124406,0.036607999354600906,0.13735417696926716,False,False,,f08f09,BLOCK_M64_BLOCK_N64_BLOCK_K32_GROUP_M8_num_warps4_num_stages2,2.5280321054160595,2.4915521144866943,1.0146414721639812,0.041471999138593674,0.13413163821527277,False,False,0,decode_bs256,BLOCK_M64_BLOCK_N64_BLOCK_K32_GROUP_M8_num_warps4_num_stages2
5.970688123255968,5.976831912994385,0.9989720658322248,0.036607999354600906,0.13735417696926716,False,False,,f08f09,BLOCK_M64_BLOCK_N64_BLOCK_K32_GROUP_M8_num_warps8_num_stages3,2.0997760705649853,2.052639961242676,1.02296365179102,0.041471999138593674,0.13413163821527277,False,False,0,decode_bs256,BLOCK_M64_BLOCK_N64_BLOCK_K32_GROUP_M8_num_warps8_num_stages3
5.392895955592394,5.359360218048096,1.0062574143516914,0.036607999354600906,0.13735417696926716,False,False,,f08f09,BLOCK_M16_BLOCK_N64_BLOCK_K32_GROUP_M8_num_warps4_num_stages2,2.509664099663496,2.478368043899536,1.0126276869333408,0.041471999138593674,0.13413163821527277,False,False,0,decode_bs256,BLOCK_M16_BLOCK_N64_BLOCK_K32_GROUP_M8_num_warps4_num_stages2
15.505152005702257,16.6243839263916,0.9326752843506858,0.036607999354600906,0.13735417696926716,False,False,,f08f09,BLOCK_M128_BLOCK_N32_BLOCK_K64_GROUP_M8_num_warps8_num_stages3,3.021631997078657,3.040127992630005,0.9939160470887455,0.041471999138593674,0.13413163821527277,False,False,1,decode_bs256,BLOCK_M128_BLOCK_N32_BLOCK_K64_GROUP_M8_num_warps8_num_stages3
5.488127965480089,5.736192226409912,0.9567545418391465,0.036607999354600906,0.13735417696926716,False,False,,f08f09,BLOCK_M64_BLOCK_N128_BLOCK_K64_GROUP_M8_num_warps16_num_stages2,2.077983897179365,2.0740480422973633,1.0018976681358076,0.041471999138593674,0.13413163821527277,False,False,0,decode_bs256,BLOCK_M64_BLOCK_N128_BLOCK_K64_GROUP_M8_num_warps16_num_stages2
3.3359361067414284,3.3328640460968018,1.0009217479627543,0.018688000738620758,0.64629081521891,False,False,,f08f09,BLOCK_M64_BLOCK_N64_BLOCK_K32_GROUP_M8_num_warps4_num_stages2,1.542015980463475,1.5389759540557861,1.0019753566647207,0.007391999941319227,0.6447829324771815,False,False,0,decode_bs32,BLOCK_M64_BLOCK_N64_BLOCK_K32_GROUP_M8_num_warps4_num_stages2
3.5345919504761696,3.5427839756011963,0.9976876870897451,0.018688000738620758,0.64629081521891,False,False,,f08f09,BLOCK_M64_BLOCK_N64_BLOCK_K32_GROUP_M8_num_warps8_num_stages3,1.2773440587334335,1.2675199508666992,1.0077506534394325,0.007391999941319227,0.6447829324771815,False,False,0,decode_bs32,BLOCK_M64_BLOCK_N64_BLOCK_K32_GROUP_M8_num_warps8_num_stages3
3.1103999987244606,3.032576084136963,1.0256626420667845,0.018688000738620758,0.64629081521891,False,False,,f08f09,BLOCK_M16_BLOCK_N64_BLOCK_K32_GROUP_M8_num_warps4_num_stages2,1.532191942911595,1.5268479585647583,1.0035000108012457,0.007391999941319227,0.6447829324771815,False,False,0,decode_bs32,BLOCK_M16_BLOCK_N64_BLOCK_K32_GROUP_M8_num_warps4_num_stages2
9.728511609137058,10.323200225830078,0.9423929979382725,0.018688000738620758,0.64629081521891,False,False,,f08f09,BLOCK_M128_BLOCK_N32_BLOCK_K64_GROUP_M8_num_warps8_num_stages3,1.8951040017418563,1.9096640348434448,0.9923756049043558,0.007391999941319227,0.6447829324771815,False,False,1,decode_bs32,BLOCK_M128_BLOCK_N32_BLOCK_K64_GROUP_M8_num_warps8_num_stages3
3.4503679648041725,3.5742719173431396,0.9653344917778196,0.018688000738620758,0.64629081521891,False,False,,f08f09,BLOCK_M64_BLOCK_N128_BLOCK_K64_GROUP_M8_num_warps16_num_stages2,1.2664960133843124,1.2815680503845215,0.9882393783180793,0.007391999941319227,0.6447829324771815,False,False,0,decode_bs32,BLOCK_M64_BLOCK_N128_BLOCK_K64_GROUP_M8_num_warps16_num_stages2
33.39648054540157,32.77439880371094,1.0189807216729236,0.19046400487422943,0.032594062465602355,False,False,,f08f09,BLOCK_M64_BLOCK_N64_BLOCK_K32_GROUP_M8_num_warps4_num_stages3,2.940576009452343,2.888256072998047,1.0181147152925354,0.07711999863386154,0.020002828529660503,False,False,1,prefill_t2048,BLOCK_M64_BLOCK_N64_BLOCK_K32_GROUP_M8_num_warps4_num_stages3
15.028991684317589,13.866239547729492,1.0838549004281763,0.19046400487422943,0.032594062465602355,False,False,,f08f09,BLOCK_M64_BLOCK_N128_BLOCK_K32_GROUP_M8_num_warps8_num_stages3,2.6384960934519768,2.589600086212158,1.018881682735553,0.07711999863386154,0.020002828529660503,False,False,1,prefill_t2048,BLOCK_M64_BLOCK_N128_BLOCK_K32_GROUP_M8_num_warps8_num_stages3
11.969023689627647,12.283136367797852,0.974427323057839,0.19046400487422943,0.032594062465602355,False,False,,f08f09,BLOCK_M64_BLOCK_N128_BLOCK_K32_GROUP_M8_num_warps16_num_stages2,4.67708795517683,4.708127975463867,0.993407141766579,0.07711999863386154,0.020002828529660503,False,False,1,prefill_t2048,BLOCK_M64_BLOCK_N128_BLOCK_K32_GROUP_M8_num_warps16_num_stages2
11.44422434270382,11.60371208190918,0.986255455316406,0.19046400487422943,0.032594062465602355,False,False,,f08f09,BLOCK_M64_BLOCK_N64_BLOCK_K64_GROUP_M8_num_warps16_num_stages2,3.5475839897990227,3.5617599487304688,0.9960199566687533,0.07711999863386154,0.020002828529660503,False,False,1,prefill_t2048,BLOCK_M64_BLOCK_N64_BLOCK_K64_GROUP_M8_num_warps16_num_stages2
12.837120041251183,12.705023765563965,1.0103971687203968,0.19046400487422943,0.032594062465602355,False,False,,f08f09,BLOCK_M128_BLOCK_N128_BLOCK_K32_GROUP_M8_num_warps16_num_stages2,3.6695360466837883,3.729343891143799,0.9839629044127471,0.07711999863386154,0.020002828529660503,False,False,1,prefill_t2048,BLOCK_M128_BLOCK_N128_BLOCK_K32_GROUP_M8_num_warps16_num_stages2
25.184255585074425,25.225984573364258,0.9983457934746423,0.19046400487422943,0.032594062465602355,False,False,,f08f09,BLOCK_M64_BLOCK_N64_BLOCK_K32_GROUP_M8_num_warps16_num_stages2,5.877247981727123,5.889632225036621,0.9978972807067896,0.07711999863386154,0.020002828529660503,False,False,1,prefill_t2048,BLOCK_M64_BLOCK_N64_BLOCK_K32_GROUP_M8_num_warps16_num_stages2
9.329407677054405,10.359552383422852,0.9005608863934254,0.19046400487422943,0.032594062465602355,False,False,,f08f09,BLOCK_M64_BLOCK_N128_BLOCK_K64_GROUP_M8_num_warps8_num_stages2,2.0502720400691032,2.0999040603637695,0.9763646248266845,0.07711999863386154,0.020002828529660503,False,False,0,prefill_t2048,BLOCK_M64_BLOCK_N128_BLOCK_K64_GROUP_M8_num_warps8_num_stages2
11.789567932486534,13.565183639526367,0.8691049266840718,0.19046400487422943,0.032594062465602355,False,False,,f08f09,BLOCK_M64_BLOCK_N64_BLOCK_K128_GROUP_M8_num_warps4_num_stages2,2.456448011100292,2.584223985671997,0.9505553793788203,0.07711999863386154,0.020002828529660503,False,False,0,prefill_t2048,BLOCK_M64_BLOCK_N64_BLOCK_K128_GROUP_M8_num_warps4_num_stages2
11.51641558110714,12.463104248046875,0.9240407006073071,0.19046400487422943,0.032594062465602355,False,False,,f08f09,BLOCK_M64_BLOCK_N256_BLOCK_K32_GROUP_M8_num_warps8_num_stages2,3.451935939490795,3.527071952819824,0.9786973403621779,0.07711999863386154,0.020002828529660503,False,False,1,prefill_t2048,BLOCK_M64_BLOCK_N256_BLOCK_K32_GROUP_M8_num_warps8_num_stages2
115.14956653118134,110.84185791015625,1.038863554818043,0.712448000907898,0.02067626084930808,False,False,,f08f09,BLOCK_M64_BLOCK_N64_BLOCK_K32_GROUP_M8_num_warps4_num_stages3,7.600448161363602,7.696063995361328,0.9875760084563542,0.27132800221443176,0.010598192278802276,False,False,1,prefill_t8192,BLOCK_M64_BLOCK_N64_BLOCK_K32_GROUP_M8_num_warps4_num_stages3
43.822593569755554,40.35609436035156,1.0858977872945432,0.712448000907898,0.02067626084930808,False,False,,f08f09,BLOCK_M64_BLOCK_N128_BLOCK_K32_GROUP_M8_num_warps8_num_stages3,6.251584082841873,5.957888126373291,1.0492953124058344,0.27132800221443176,0.010598192278802276,False,False,1,prefill_t8192,BLOCK_M64_BLOCK_N128_BLOCK_K32_GROUP_M8_num_warps8_num_stages3
35.28012835979462,38.282752990722656,0.9215671706876544,0.712448000907898,0.02067626084930808,False,False,,f08f09,BLOCK_M64_BLOCK_N128_BLOCK_K32_GROUP_M8_num_warps16_num_stages2,12.361503630876541,12.543968200683594,0.9854539993335515,0.27132800221443176,0.010598192278802276,False,False,1,prefill_t8192,BLOCK_M64_BLOCK_N128_BLOCK_K32_GROUP_M8_num_warps16_num_stages2
31.615232348442078,34.454017639160156,0.9176065525812137,0.712448000907898,0.02067626084930808,False,False,,f08f09,BLOCK_M64_BLOCK_N64_BLOCK_K64_GROUP_M8_num_warps16_num_stages2,9.436703711748123,9.539872169494629,0.9891855513456035,0.27132800221443176,0.010598192278802276,False,False,1,prefill_t8192,BLOCK_M64_BLOCK_N64_BLOCK_K64_GROUP_M8_num_warps16_num_stages2
30.067968249320984,33.521663665771484,0.8969712407210558,0.712448000907898,0.02067626084930808,False,False,,f08f09,BLOCK_M128_BLOCK_N128_BLOCK_K32_GROUP_M8_num_warps16_num_stages2,7.769824057817459,8.159584045410156,0.9522328607164797,0.27132800221443176,0.010598192278802276,False,False,0,prefill_t8192,BLOCK_M128_BLOCK_N128_BLOCK_K32_GROUP_M8_num_warps16_num_stages2
66.84185779094696,69.38674926757812,0.9633230911738316,0.712448000907898,0.02067626084930808,False,False,,f08f09,BLOCK_M64_BLOCK_N64_BLOCK_K32_GROUP_M8_num_warps16_num_stages2,16.214495688676834,16.297536849975586,0.9949046802554782,0.27132800221443176,0.010598192278802276,False,False,1,prefill_t8192,BLOCK_M64_BLOCK_N64_BLOCK_K32_GROUP_M8_num_warps16_num_stages2
26.994176745414734,30.536191940307617,0.8840059951870606,0.712448000907898,0.02067626084930808,False,False,,f08f09,BLOCK_M64_BLOCK_N128_BLOCK_K64_GROUP_M8_num_warps8_num_stages2,5.455328017473221,5.531680107116699,0.986197305671156,0.27132800221443176,0.010598192278802276,False,False,0,prefill_t8192,BLOCK_M64_BLOCK_N128_BLOCK_K64_GROUP_M8_num_warps8_num_stages2
35.81055819988251,41.21548843383789,0.8688616721689039,0.712448000907898,0.02067626084930808,False,False,,f08f09,BLOCK_M64_BLOCK_N64_BLOCK_K128_GROUP_M8_num_warps4_num_stages2,6.804383784532547,7.206111907958984,0.9442517506586683,0.27132800221443176,0.010598192278802276,False,False,0,prefill_t8192,BLOCK_M64_BLOCK_N64_BLOCK_K128_GROUP_M8_num_warps4_num_stages2
32.30284869670868,35.718910217285156,0.9043626611283518,0.712448000907898,0.02067626084930808,False,False,,f08f09,BLOCK_M64_BLOCK_N256_BLOCK_K32_GROUP_M8_num_warps8_num_stages2,7.7857599556446075,8.19331169128418,0.9502579968887166,0.27132800221443176,0.010598192278802276,False,False,0,prefill_t8192,BLOCK_M64_BLOCK_N256_BLOCK_K32_GROUP_M8_num_warps8_num_stages2
